Workbook

Sheet Общая таблица
A1: Общая таблица: уровни постоянного шума и способ оповещения (СП 3.13130.2026)
A2: Объект: МБОУ ЦО № 69, Уфа, ул. Даута Юлтыя, 6. Шифр 1417/2026-АПС, СОУЭ. Ф4.1, площадь более 3000 м² — речевой способ (табл. Б.1, п. 13).
A3: Синие ячейки (D, E, K) — исходные данные. Остальное — формулы. Уровни по категориям меняются на листе «Категории». Зелёный — замена на звуковой прямо по перечню, оранжевый — с условием или по аналогии.
A5: Этаж | B5: № пом. | C5: Назначение (по экспликации) | D5: Категория (табл. В.1) | E5: Определяющее смежное пом. (для коридоров) | F5: LAeq постоянного шума, дБА | G5: Основание (табл. В.1) | H5: Мин. УЗД сигнала оповещения, дБА (п. 6.8.2) | I5: Замена речевого на звуковой (прим. 3 к табл. Б.1) | J5: Условие замены | K5: Принятый способ оповещения | L5: Разборчивость речи (п. 6.11) | M5: Примечание | N5: Уровень по категории, дБА
A6: 1 | B6: 1 | C6: Тир | D6: Спортзал, тир, раздевалки | F6: =IF($E6="",$N6,MAX($N6,INDEX($N$6:$N$225,MATCH($E6,$B$6:$B$225,0)))) -> 65 | G6: =IF($E6="",VLOOKUP($D6,Категории!$A$5:$C$17,3,FALSE()),"п. 21 — по пом. "&$E6) -> п. 18 (тир, раздевалки — по аналогии) | H6: =MAX($F6+15,65) -> 80 | I6: Нет | J6: — | K6: Речевой | L6: =IF($K6="Звуковой","не требуется (звуковой способ)",IF($F6<=65,"упрощённая оценка (п. 6.11.3)","нужен расчёт (прил. В / ПО изготовителя)")) -> упрощённая оценка (п. 6.11.3) | M6: Если стрельба ведётся в средствах защиты слуха — дополнительно световой способ (п. 6.2.9) | N6: =VLOOKUP($D6,Категории!$A$5:$C$17,2,FALSE()) -> 65
A7: 1 | B7: 2 | C7: Бойлерная | D7: Бойлерная | F7: =IF($E7="",$N7,MAX($N7,INDEX($N$6:$N$225,MATCH($E7,$B$6:$B$225,0)))) -> 80 | G7: =IF($E7="",VLOOKUP($D7,Категории!$A$5:$C$17,3,FALSE()),"п. 21 — по пом. "&$E7) -> п. 24 | H7: =MAX($F7+15,65) -> 95 | I7: Нет — не в перечне, шум не выше 85 дБА | J7: — | K7: Речевой | L7: =IF($K7="Звуковой","не требуется (звуковой способ)",IF($F7<=65,"упрощённая оценка (п. 6.11.3)","нужен расчёт (прил. В / ПО изготовителя)")) -> нужен расчёт (прил. В / ПО изготовителя) | M7: Насосы отопления | N7: =VLOOKUP($D7,Категории!$A$5:$C$17,2,FALSE()) -> 80
A8: 1 | B8: 3 | C8: Слесарная | D8: Учебные мастерские со станками | F8: =IF($E8="",$N8,MAX($N8,INDEX($N$6:$N$225,MATCH($E8,$B$6:$B$225,0)))) -> 80 | G8: =IF($E8="",VLOOKUP($D8,Категории!$A$5:$C$17,3,FALSE()),"п. 21 — по пом. "&$E8) -> по аналогии с п. 4 | H8: =MAX($F8+15,65) -> 95 | I8: Формально да (производственные помещения), но идут уроки — рекомендуется речевой | J8: Дверь с нормируемым пределом огнестойкости, шумоподавление не менее 30 дБ, доводчик (п. 6.11.4) | K8: Речевой | L8: =IF($K8="Звуковой","не требуется (звуковой способ)",IF($F8<=65,"упрощённая оценка (п. 6.11.3)","нужен расчёт (прил. В / ПО изготовителя)")) -> нужен расчёт (прил. В / ПО изготовителя) | M8: См. категорию: 60 дБА при автоматическом отключении станков (п. 6.8.7) | N8: =VLOOKUP($D8,Категории!$A$5:$C$17,2,FALSE()) -> 80
A9: 1 | B9: 4 | C9: Коридор | D9: Коммуникационные пространства | E9: 2 | F9: =IF($E9="",$N9,MAX($N9,INDEX($N$6:$N$225,MATCH($E9,$B$6:$B$225,0)))) -> 80 | G9: =IF($E9="",VLOOKUP($D9,Категории!$A$5:$C$17,3,FALSE()),"п. 21 — по пом. "&$E9) -> п. 21 — по пом. 2 | H9: =MAX($F9+15,65) -> 95 | I9: Нет | J9: — | K9: Речевой | L9: =IF($K9="Звуковой","не требуется (звуковой способ)",IF($F9<=65,"упрощённая оценка (п. 6.11.3)","нужен расчёт (прил. В / ПО изготовителя)")) -> нужен расчёт (прил. В / ПО изготовителя) | M9: Смежные: 2 бойлерная, 3 слесарная | N9: =VLOOKUP($D9,Категории!$A$5:$C$17,2,FALSE()) -> 60
A10: 1 | B10: 5 | C10: Слесарная | D10: Учебные мастерские со станками | F10: =IF($E10="",$N10,MAX($N10,INDEX($N$6:$N$225,MATCH($E10,$B$6:$B$225,0)))) -> 80 | G10: =IF($E10="",VLOOKUP($D10,Категории!$A$5:$C$17,3,FALSE()),"п. 21 — по пом. "&$E10) -> по аналогии с п. 4 | H10: =MAX($F10+15,65) -> 95 | I10: Формально да (производственные помещения), но идут уроки — рекомендуется речевой | J10: Дверь с нормируемым пределом огнестойкости, шумоподавление не менее 30 дБ, доводчик (п. 6.11.4) | K10: Речевой | L10: =IF($K10="Звуковой","не требуется (звуковой способ)",IF($F10<=65,"упрощённая оценка (п. 6.11.3)","нужен расчёт (прил. В / ПО изготовителя)")) -> нужен расчёт (прил. В / ПО изготовителя) | M10: См. категорию: 60 дБА при автоматическом отключении станков (п. 6.8.7) | N10: =VLOOKUP($D10,Категории!$A$5:$C$17,2,FALSE()) -> 80
A11: 1 | B11: 6 | C11: Слесарная | D11: Учебные мастерские со станками | F11: =IF($E11="",$N11,MAX($N11,INDEX($N$6:$N$225,MATCH($E11,$B$6:$B$225,0)))) -> 80 | G11: =IF($E11="",VLOOKUP($D11,Категории!$A$5:$C$17,3,FALSE()),"п. 21 — по пом. "&$E11) -> по аналогии с п. 4 | H11: =MAX($F11+15,65) -> 95 | I11: Формально да (производственные помещения), но идут уроки — рекомендуется речевой | J11: Дверь с нормируемым пределом огнестойкости, шумоподавление не менее 30 дБ, доводчик (п. 6.11.4) | K11: Речевой | L11: =IF($K11="Звуковой","не требуется (звуковой способ)",IF($F11<=65,"упрощённая оценка (п. 6.11.3)","нужен расчёт (прил. В / ПО изготовителя)")) -> нужен расчёт (прил. В / ПО изготовителя) | M11: См. категорию: 60 дБА при автоматическом отключении станков (п. 6.8.7) | N11: =VLOOKUP($D11,Категории!$A$5:$C$17,2,FALSE()) -> 80
A12: 1 | B12: 7 | C12: Коридор | D12: Коммуникационные пространства | E12: 6 | F12: =IF($E12="",$N12,MAX($N12,INDEX($N$6:$N$225,MATCH($E12,$B$6:$B$225,0)))) -> 80 | G12: =IF($E12="",VLOOKUP($D12,Категории!$A$5:$C$17,3,FALSE()),"п. 21 — по пом. "&$E12) -> п. 21 — по пом. 6 | H12: =MAX($F12+15,65) -> 95 | I12: Нет | J12: — | K12: Речевой | L12: =IF($K12="Звуковой","не требуется (звуковой способ)",IF($F12<=65,"упрощённая оценка (п. 6.11.3)","нужен расчёт (прил. В / ПО изготовителя)")) -> нужен расчёт (прил. В / ПО изготовителя) | M12: Смежная: 6 слесарная | N12: =VLOOKUP($D12,Категории!$A$5:$C$17,2,FALSE()) -> 60
A13: 1 | B13: 8 | C13: Лестничная клетка | D13: Коммуникационные пространства | F13: =IF($E13="",$N13,MAX($N13,INDEX($N$6:$N$225,MATCH($E13,$B$6:$B$225,0)))) -> 60 | G13: =IF($E13="",VLOOKUP($D13,Категории!$A$5:$C$17,3,FALSE()),"п. 21 — по пом. "&$E13) -> п. 21 | H13: =MAX($F13+15,65) -> 75 | I13: Нет | J13: — | K13: Речевой | L13: =IF($K13="Звуковой","не требуется (звуковой способ)",IF($F13<=65,"упрощённая оценка (п. 6.11.3)","нужен расчёт (прил. В / ПО изготовителя)")) -> упрощённая оценка (п. 6.11.3) | N13: =VLOOKUP($D13,Категории!$A$5:$C$17,2,FALSE()) -> 60
A14: 1 | B14: 9 | C14: Подсобное | D14: Вспомогательные помещения | F14: =IF($E14="",$N14,MAX($N14,INDEX($N$6:$N$225,MATCH($E14,$B$6:$B$225,0)))) -> 60 | G14: =IF($E14="",VLOOKUP($D14,Категории!$A$5:$C$17,3,FALSE()),"п. 21 — по пом. "&$E14) -> по аналогии с п. 6 | H14: =MAX($F14+15,65) -> 75 | I14: Только если по назначению кладовая или электрощитовая — уточнить | J14: Дверь с нормируемым пределом огнестойкости, шумоподавление не менее 30 дБ, доводчик (п. 6.11.4) | K14: Речевой | L14: =IF($K14="Звуковой","не требуется (звуковой способ)",IF($F14<=65,"упрощённая оценка (п. 6.11.3)","нужен расчёт (прил. В / ПО изготовителя)")) -> упрощённая оценка (п. 6.11.3) | N14: =VLOOKUP($D14,Категории!$A$5:$C$17,2,FALSE()) -> 60
A15: 1 | B15: 10 | C15: Подсобное | D15: Вспомогательные помещения | F15: =IF($E15="",$N15,MAX($N15,INDEX($N$6:$N$225,MATCH($E15,$B$6:$B$225,0)))) -> 60 | G15: =IF($E15="",VLOOKUP($D15,Категории!$A$5:$C$17,3,FALSE()),"п. 21 — по пом. "&$E15) -> по аналогии с п. 6 | H15: =MAX($F15+15,65) -> 75 | I15: Только если по назначению кладовая или электрощитовая — уточнить | J15: Дверь с нормируемым пределом огнестойкости, шумоподавление не менее 30 дБ, доводчик (п. 6.11.4) | K15: Речевой | L15: =IF($K15="Звуковой","не требуется (звуковой способ)",IF($F15<=65,"упрощённая оценка (п. 6.11.3)","нужен расчёт (прил. В / ПО изготовителя)")) -> упрощённая оценка (п. 6.11.3) | N15: =VLOOKUP($D15,Категории!$A$5:$C$17,2,FALSE()) -> 60
A16: 1 | B16: 11 | C16: Подсобное | D16: Вспомогательные помещения | F16: =IF($E16="",$N16,MAX($N16,INDEX($N$6:$N$225,MATCH($E16,$B$6:$B$225,0)))) -> 60 | G16: =IF($E16="",VLOOKUP($D16,Категории!$A$5:$C$17,3,FALSE()),"п. 21 — по пом. "&$E16) -> по аналогии с п. 6 | H16: =MAX($F16+15,65) -> 75 | I16: Только если по назначению кладовая или электрощитовая — уточнить | J16: Дверь с нормируемым пределом огнестойкости, шумоподавление не менее 30 дБ, доводчик (п. 6.11.4) | K16: Речевой | L16: =IF($K16="Звуковой","не требуется (звуковой способ)",IF($F16<=65,"упрощённая оценка (п. 6.11.3)","нужен расчёт (прил. В / ПО изготовителя)")) -> упрощённая оценка (п. 6.11.3) | N16: =VLOOKUP($D16,Категории!$A$5:$C$17,2,FALSE()) -> 60
A17: 1 | B17: 12 | C17: Подсобное | D17: Вспомогательные помещения | F17: =IF($E17="",$N17,MAX($N17,INDEX($N$6:$N$225,MATCH($E17,$B$6:$B$225,0)))) -> 60 | G17: =IF($E17="",VLOOKUP($D17,Категории!$A$5:$C$17,3,FALSE()),"п. 21 — по пом. "&$E17) -> по аналогии с п. 6 | H17: =MAX($F17+15,65) -> 75 | I17: Только если по назначению кладовая или электрощитовая — уточнить | J17: Дверь с нормируемым пределом огнестойкости, шумоподавление не менее 30 дБ, доводчик (п. 6.11.4) | K17: Речевой | L17: =IF($K17="Звуковой","не требуется (звуковой способ)",IF($F17<=65,"упрощённая оценка (п. 6.11.3)","нужен расчёт (прил. В / ПО изготовителя)")) -> упрощённая оценка (п. 6.11.3) | N17: =VLOOKUP($D17,Категории!$A$5:$C$17,2,FALSE()) -> 60
A18: 1 | B18: 13 | C18: Подсобное | D18: Вспомогательные помещения | F18: =IF($E18="",$N18,MAX($N18,INDEX($N$6:$N$225,MATCH($E18,$B$6:$B$225,0)))) -> 60 | G18: =IF($E18="",VLOOKUP($D18,Категории!$A$5:$C$17,3,FALSE()),"п. 21 — по пом. "&$E18) -> по аналогии с п. 6 | H18: =MAX($F18+15,65) -> 75 | I18: Только если по назначению кладовая или электрощитовая — уточнить | J18: Дверь с нормируемым пределом огнестойкости, шумоподавление не менее 30 дБ, доводчик (п. 6.11.4) | K18: Речевой | L18: =IF($K18="Звуковой","не требуется (звуковой способ)",IF($F18<=65,"упрощённая оценка (п. 6.11.3)","нужен расчёт (прил. В / ПО изготовителя)")) -> упрощённая оценка (п. 6.11.3) | N18: =VLOOKUP($D18,Категории!$A$5:$C$17,2,FALSE()) -> 60
A19: 1 | B19: 14 | C19: Подсобное | D19: Вспомогательные помещения | F19: =IF($E19="",$N19,MAX($N19,INDEX($N$6:$N$225,MATCH($E19,$B$6:$B$225,0)))) -> 60 | G19: =IF($E19="",VLOOKUP($D19,Категории!$A$5:$C$17,3,FALSE()),"п. 21 — по пом. "&$E19) -> по аналогии с п. 6 | H19: =MAX($F19+15,65) -> 75 | I19: Только если по назначению кладовая или электрощитовая — уточнить | J19: Дверь с нормируемым пределом огнестойкости, шумоподавление не менее 30 дБ, доводчик (п. 6.11.4) | K19: Речевой | L19: =IF($K19="Звуковой","не требуется (звуковой способ)",IF($F19<=65,"упрощённая оценка (п. 6.11.3)","нужен расчёт (прил. В / ПО изготовителя)")) -> упрощённая оценка (п. 6.11.3) | N19: =VLOOKUP($D19,Категории!$A$5:$C$17,2,FALSE()) -> 60
A20: 1 | B20: 15 | C20: Подсобное | D20: Вспомогательные помещения | F20: =IF($E20="",$N20,MAX($N20,INDEX($N$6:$N$225,MATCH($E20,$B$6:$B$225,0)))) -> 60 | G20: =IF($E20="",VLOOKUP($D20,Категории!$A$5:$C$17,3,FALSE()),"п. 21 — по пом. "&$E20) -> по аналогии с п. 6 | H20: =MAX($F20+15,65) -> 75 | I20: Только если по назначению кладовая или электрощитовая — уточнить | J20: Дверь с нормируемым пределом огнестойкости, шумоподавление не менее 30 дБ, доводчик (п. 6.11.4) | K20: Речевой | L20: =IF($K20="Звуковой","не требуется (звуковой способ)",IF($F20<=65,"упрощённая оценка (п. 6.11.3)","нужен расчёт (прил. В / ПО изготовителя)")) -> упрощённая оценка (п. 6.11.3) | N20: =VLOOKUP($D20,Категории!$A$5:$C$17,2,FALSE()) -> 60
A21: 1 | B21: 16 | C21: Подсобное | D21: Вспомогательные помещения | F21: =IF($E21="",$N21,MAX($N21,INDEX($N$6:$N$225,MATCH($E21,$B$6:$B$225,0)))) -> 60 | G21: =IF($E21="",VLOOKUP($D21,Категории!$A$5:$C$17,3,FALSE()),"п. 21 — по пом. "&$E21) -> по аналогии с п. 6 | H21: =MAX($F21+15,65) -> 75 | I21: Только если по назначению кладовая или электрощитовая — уточнить | J21: Дверь с нормируемым пределом огнестойкости, шумоподавление не менее 30 дБ, доводчик (п. 6.11.4) | K21: Речевой | L21: =IF($K21="Звуковой","не требуется (звуковой способ)",IF($F21<=65,"упрощённая оценка (п. 6.11.3)","нужен расчёт (прил. В / ПО изготовителя)")) -> упрощённая оценка (п. 6.11.3) | N21: =VLOOKUP($D21,Категории!$A$5:$C$17,2,FALSE()) -> 60
A22: 1 | B22: 17 | C22: Коридор | D22: Коммуникационные пространства | F22: =IF($E22="",$N22,MAX($N22,INDEX($N$6:$N$225,MATCH($E22,$B$6:$B$225,0)))) -> 60 | G22: =IF($E22="",VLOOKUP($D22,Категории!$A$5:$C$17,3,FALSE()),"п. 21 — по пом. "&$E22) -> п. 21 | H22: =MAX($F22+15,65) -> 75 | I22: Нет | J22: — | K22: Речевой | L22: =IF($K22="Звуковой","не требуется (звуковой способ)",IF($F22<=65,"упрощённая оценка (п. 6.11.3)","нужен расчёт (прил. В / ПО изготовителя)")) -> упрощённая оценка (п. 6.11.3) | N22: =VLOOKUP($D22,Категории!$A$5:$C$17,2,FALSE()) -> 60
A23: 1 | B23: 18 | C23: Кабинет | D23: Учебные помещения | F23: =IF($E23="",$N23,MAX($N23,INDEX($N$6:$N$225,MATCH($E23,$B$6:$B$225,0)))) -> 60 | G23: =IF($E23="",VLOOKUP($D23,Категории!$A$5:$C$17,3,FALSE()),"п. 21 — по пом. "&$E23) -> п. 6 | H23: =MAX($F23+15,65) -> 75 | I23: Нет | J23: — | K23: Речевой | L23: =IF($K23="Звуковой","не требуется (звуковой способ)",IF($F23<=65,"упрощённая оценка (п. 6.11.3)","нужен расчёт (прил. В / ПО изготовителя)")) -> упрощённая оценка (п. 6.11.3) | N23: =VLOOKUP($D23,Категории!$A$5:$C$17,2,FALSE()) -> 60
A24: 1 | B24: 19 | C24: Кабинет | D24: Учебные помещения | F24: =IF($E24="",$N24,MAX($N24,INDEX($N$6:$N$225,MATCH($E24,$B$6:$B$225,0)))) -> 60 | G24: =IF($E24="",VLOOKUP($D24,Категории!$A$5:$C$17,3,FALSE()),"п. 21 — по пом. "&$E24) -> п. 6 | H24: =MAX($F24+15,65) -> 75 | I24: Нет | J24: — | K24: Речевой | L24: =IF($K24="Звуковой","не требуется (звуковой способ)",IF($F24<=65,"упрощённая оценка (п. 6.11.3)","нужен расчёт (прил. В / ПО изготовителя)")) -> упрощённая оценка (п. 6.11.3) | N24: =VLOOKUP($D24,Категории!$A$5:$C$17,2,FALSE()) -> 60
... A26: 1 | B26: 21 | C26: Кабинет | D26: Учебные помещения | F26: =IF($E26="",$N26,MAX($N26,INDEX($N$6:$N$225,MATCH($E26,$B$6:$B$225,0)))) -> 60 | G26: =IF($E26="",VLOOKUP($D26,Категории!$A$5:$C$17,3,FALSE()),"п. 21 — по пом. "&$E26) -> п. 6 | H26: =MAX($F26+15,65) -> 75 | I26: Нет | J26: — | K26: Речевой | L26: =IF($K26="Звуковой","не требуется (звуковой способ)",IF($F26<=65,"упрощённая оценка (п. 6.11.3)","нужен расчёт (прил. В / ПО изготовителя)")) -> упрощённая оценка (п. 6.11.3) | N26: =VLOOKUP($D26,Категории!$A$5:$C$17,2,FALSE()) -> 60
A27: 1 | B27: 22 | C27: Коридор | D27: Коммуникационные пространства | E27: 1 | F27: =IF($E27="",$N27,MAX($N27,INDEX($N$6:$N$225,MATCH($E27,$B$6:$B$225,0)))) -> 65 | G27: =IF($E27="",VLOOKUP($D27,Категории!$A$5:$C$17,3,FALSE()),"п. 21 — по пом. "&$E27) -> п. 21 — по пом. 1 | H27: =MAX($F27+15,65) -> 80 | I27: Нет | J27: — | K27: Речевой | L27: =IF($K27="Звуковой","не требуется (звуковой способ)",IF($F27<=65,"упрощённая оценка (п. 6.11.3)","нужен расчёт (прил. В / ПО изготовителя)")) -> упрощённая оценка (п. 6.11.3) | M27: Смежный: 1 тир | N27: =VLOOKUP($D27,Категории!$A$5:$C$17,2,FALSE()) -> 60
A28: 1 | B28: 23 | C28: Коридор | D28: Коммуникационные пространства | F28: =IF($E28="",$N28,MAX($N28,INDEX($N$6:$N$225,MATCH($E28,$B$6:$B$225,0)))) -> 60 | G28: =IF($E28="",VLOOKUP($D28,Категории!$A$5:$C$17,3,FALSE()),"п. 21 — по пом. "&$E28) -> п. 21 | H28: =MAX($F28+15,65) -> 75 | I28: Нет | J28: — | K28: Речевой | L28: =IF($K28="Звуковой","не требуется (звуковой способ)",IF($F28<=65,"упрощённая оценка (п. 6.11.3)","нужен расчёт (прил. В / ПО изготовителя)")) -> упрощённая оценка (п. 6.11.3) | N28: =VLOOKUP($D28,Категории!$A$5:$C$17,2,FALSE()) -> 60
A29: 1 | B29: 24 | C29: Кабинет | D29: Учебные помещения | F29: =IF($E29="",$N29,MAX($N29,INDEX($N$6:$N$225,MATCH($E29,$B$6:$B$225,0)))) -> 60 | G29: =IF($E29="",VLOOKUP($D29,Категории!$A$5:$C$17,3,FALSE()),"п. 21 — по пом. "&$E29) -> п. 6 | H29: =MAX($F29+15,65) -> 75 | I29: Нет | J29: — | K29: Речевой | L29: =IF($K29="Звуковой","не требуется (звуковой способ)",IF($F29<=65,"упрощённая оценка (п. 6.11.3)","нужен расчёт (прил. В / ПО изготовителя)")) -> упрощённая оценка (п. 6.11.3) | N29: =VLOOKUP($D29,Категории!$A$5:$C$17,2,FALSE()) -> 60
A30: 1 | B30: 25 | C30: Кабинет | D30: Учебные помещения | F30: =IF($E30="",$N30,MAX($N30,INDEX($N$6:$N$225,MATCH($E30,$B$6:$B$225,0)))) -> 60 | G30: =IF($E30="",VLOOKUP($D30,Категории!$A$5:$C$17,3,FALSE()),"п. 21 — по пом. "&$E30) -> п. 6 | H30: =MAX($F30+15,65) -> 75 | I30: Нет | J30: — | K30: Речевой | L30: =IF($K30="Звуковой","не требуется (звуковой способ)",IF($F30<=65,"упрощённая оценка (п. 6.11.3)","нужен расчёт (прил. В / ПО изготовителя)")) -> упрощённая оценка (п. 6.11.3) | N30: =VLOOKUP($D30,Категории!$A$5:$C$17,2,FALSE()) -> 60
A31: 1 | B31: 26 | C31: Кабинет | D31: Учебные помещения | F31: =IF($E31="",$N31,MAX($N31,INDEX($N$6:$N$225,MATCH($E31,$B$6:$B$225,0)))) -> 60 | G31: =IF($E31="",VLOOKUP($D31,Категории!$A$5:$C$17,3,FALSE()),"п. 21 — по пом. "&$E31) -> п. 6 | H31: =MAX($F31+15,65) -> 75 | I31: Нет | J31: — | K31: Речевой | L31: =IF($K31="Звуковой","не требуется (звуковой способ)",IF($F31<=65,"упрощённая оценка (п. 6.11.3)","нужен расчёт (прил. В / ПО изготовителя)")) -> упрощённая оценка (п. 6.11.3) | N31: =VLOOKUP($D31,Категории!$A$5:$C$17,2,FALSE()) -> 60
A32: 1 | B32: 27 | C32: Кабинет | D32: Учебные помещения | F32: =IF($E32="",$N32,MAX($N32,INDEX($N$6:$N$225,MATCH($E32,$B$6:$B$225,0)))) -> 60 | G32: =IF($E32="",VLOOKUP($D32,Категории!$A$5:$C$17,3,FALSE()),"п. 21 — по пом. "&$E32) -> п. 6 | H32: =MAX($F32+15,65) -> 75 | I32: Нет | J32: — | K32: Речевой | L32: =IF($K32="Звуковой","не требуется (звуковой способ)",IF($F32<=65,"упрощённая оценка (п. 6.11.3)","нужен расчёт (прил. В / ПО изготовителя)")) -> упрощённая оценка (п. 6.11.3) | N32: =VLOOKUP($D32,Категории!$A$5:$C$17,2,FALSE()) -> 60
A33: 1 | B33: 28 | C33: Коридор | D33: Коммуникационные пространства | F33: =IF($E33="",$N33,MAX($N33,INDEX($N$6:$N$225,MATCH($E33,$B$6:$B$225,0)))) -> 60 | G33: =IF($E33="",VLOOKUP($D33,Категории!$A$5:$C$17,3,FALSE()),"п. 21 — по пом. "&$E33) -> п. 21 | H33: =MAX($F33+15,65) -> 75 | I33: Нет | J33: — | K33: Речевой | L33: =IF($K33="Звуковой","не требуется (звуковой способ)",IF($F33<=65,"упрощённая оценка (п. 6.11.3)","нужен расчёт (прил. В / ПО изготовителя)")) -> упрощённая оценка (п. 6.11.3) | N33: =VLOOKUP($D33,Категории!$A$5:$C$17,2,FALSE()) -> 60
A34: 1 | B34: 29 | C34: Класс | D34: Учебные помещения | F34: =IF($E34="",$N34,MAX($N34,INDEX($N$6:$N$225,MATCH($E34,$B$6:$B$225,0)))) -> 60 | G34: =IF($E34="",VLOOKUP($D34,Категории!$A$5:$C$17,3,FALSE()),"п. 21 — по пом. "&$E34) -> п. 6 | H34: =MAX($F34+15,65) -> 75 | I34: Нет | J34: — | K34: Речевой | L34: =IF($K34="Звуковой","не требуется (звуковой способ)",IF($F34<=65,"упрощённая оценка (п. 6.11.3)","нужен расчёт (прил. В / ПО изготовителя)")) -> упрощённая оценка (п. 6.11.3) | N34: =VLOOKUP($D34,Категории!$A$5:$C$17,2,FALSE()) -> 60
A35: 1 | B35: 30 | C35: Зал | D35: Многоцелевые залы | F35: =IF($E35="",$N35,MAX($N35,INDEX($N$6:$N$225,MATCH($E35,$B$6:$B$225,0)))) -> 70 | G35: =IF($E35="",VLOOKUP($D35,Категории!$A$5:$C$17,3,FALSE()),"п. 21 — по пом. "&$E35) -> п. 16 | H35: =MAX($F35+15,65) -> 85 | I35: Нет | J35: — | K35: Речевой | L35: =IF($K35="Звуковой","не требуется (звуковой способ)",IF($F35<=65,"упрощённая оценка (п. 6.11.3)","нужен расчёт (прил. В / ПО изготовителя)")) -> нужен расчёт (прил. В / ПО изготовителя) | M35: Назначение уточнить; принят как многоцелевой зал | N35: =VLOOKUP($D35,Категории!$A$5:$C$17,2,FALSE()) -> 70
A36: 1 | B36: 31 | C36: Комната охраны | D36: Пост охраны | F36: =IF($E36="",$N36,MAX($N36,INDEX($N$6:$N$225,MATCH($E36,$B$6:$B$225,0)))) -> 70 | G36: =IF($E36="",VLOOKUP($D36,Категории!$A$5:$C$17,3,FALSE()),"п. 21 — по пом. "&$E36) -> п. 2 | H36: =MAX($F36+15,65) -> 85 | I36: Нет | J36: — | K36: Речевой | L36: =IF($K36="Звуковой","не требуется (звуковой способ)",IF($F36<=65,"упрощённая оценка (п. 6.11.3)","нужен расчёт (прил. В / ПО изготовителя)")) -> нужен расчёт (прил. В / ПО изготовителя) | M36: Пожарный пост, аварийный микрофон | N36: =VLOOKUP($D36,Категории!$A$5:$C$17,2,FALSE()) -> 70
A37: 1 | B37: 32 | C37: Коридор | D37: Коммуникационные пространства | E37: 30 | F37: =IF($E37="",$N37,MAX($N37,INDEX($N$6:$N$225,MATCH($E37,$B$6:$B$225,0)))) -> 70 | G37: =IF($E37="",VLOOKUP($D37,Категории!$A$5:$C$17,3,FALSE()),"п. 21 — по пом. "&$E37) -> п. 21 — по пом. 30 | H37: =MAX($F37+15,65) -> 85 | I37: Нет | J37: — | K37: Речевой | L37: =IF($K37="Звуковой","не требуется (звуковой способ)",IF($F37<=65,"упрощённая оценка (п. 6.11.3)","нужен расчёт (прил. В / ПО изготовителя)")) -> нужен расчёт (прил. В / ПО изготовителя) | M37: Смежные: 30 зал, 31 комната охраны | N37: =VLOOKUP($D37,Категории!$A$5:$C$17,2,FALSE()) -> 60
A38: 1 | B38: 33 | C38: Тамбур | D38: Коммуникационные пространства | F38: =IF($E38="",$N38,MAX($N38,INDEX($N$6:$N$225,MATCH($E38,$B$6:$B$225,0)))) -> 60 | G38: =IF($E38="",VLOOKUP($D38,Категории!$A$5:$C$17,3,FALSE()),"п. 21 — по пом. "&$E38) -> п. 21 | H38: =MAX($F38+15,65) -> 75 | I38: Нет | J38: — | K38: Речевой | L38: =IF($K38="Звуковой","не требуется (звуковой способ)",IF($F38<=65,"упрощённая оценка (п. 6.11.3)","нужен расчёт (прил. В / ПО изготовителя)")) -> упрощённая оценка (п. 6.11.3) | M38: При площади менее 4 м² оповещение можно не предусматривать (п. 6.1.3) | N38: =VLOOKUP($D38,Категории!$A$5:$C$17,2,FALSE()) -> 60
A39: 1 | B39: 34 | C39: Коридор | D39: Коммуникационные пространства | F39: =IF($E39="",$N39,MAX($N39,INDEX($N$6:$N$225,MATCH($E39,$B$6:$B$225,0)))) -> 60 | G39: =IF($E39="",VLOOKUP($D39,Категории!$A$5:$C$17,3,FALSE()),"п. 21 — по пом. "&$E39) -> п. 21 | H39: =MAX($F39+15,65) -> 75 | I39: Нет | J39: — | K39: Речевой | L39: =IF($K39="Звуковой","не требуется (звуковой способ)",IF($F39<=65,"упрощённая оценка (п. 6.11.3)","нужен расчёт (прил. В / ПО изготовителя)")) -> упрощённая оценка (п. 6.11.3) | N39: =VLOOKUP($D39,Категории!$A$5:$C$17,2,FALSE()) -> 60
A40: 1 | B40: 36 | C40: Раздевалка | D40: Спортзал, тир, раздевалки | F40: =IF($E40="",$N40,MAX($N40,INDEX($N$6:$N$225,MATCH($E40,$B$6:$B$225,0)))) -> 65 | G40: =IF($E40="",VLOOKUP($D40,Категории!$A$5:$C$17,3,FALSE()),"п. 21 — по пом. "&$E40) -> п. 18 (тир, раздевалки — по аналогии) | H40: =MAX($F40+15,65) -> 80 | I40: Нет | J40: — | K40: Речевой | L40: =IF($K40="Звуковой","не требуется (звуковой способ)",IF($F40<=65,"упрощённая оценка (п. 6.11.3)","нужен расчёт (прил. В / ПО изготовителя)")) -> упрощённая оценка (п. 6.11.3) | N40: =VLOOKUP($D40,Категории!$A$5:$C$17,2,FALSE()) -> 65
A41: 1 | B41: 37 | C41: Лестничная клетка | D41: Коммуникационные пространства | F41: =IF($E41="",$N41,MAX($N41,INDEX($N$6:$N$225,MATCH($E41,$B$6:$B$225,0)))) -> 60 | G41: =IF($E41="",VLOOKUP($D41,Категории!$A$5:$C$17,3,FALSE()),"п. 21 — по пом. "&$E41) -> п. 21 | H41: =MAX($F41+15,65) -> 75 | I41: Нет | J41: — | K41: Речевой | L41: =IF($K41="Звуковой","не требуется (звуковой способ)",IF($F41<=65,"упрощённая оценка (п. 6.11.3)","нужен расчёт (прил. В / ПО изготовителя)")) -> упрощённая оценка (п. 6.11.3) | N41: =VLOOKUP($D41,Категории!$A$5:$C$17,2,FALSE()) -> 60
A42: 1 | B42: 38 | C42: Коридор | D42: Коммуникационные пространства | E42: 36 | F42: =IF($E42="",$N42,MAX($N42,INDEX($N$6:$N$225,MATCH($E42,$B$6:$B$225,0)))) -> 65 | G42: =IF($E42="",VLOOKUP($D42,Категории!$A$5:$C$17,3,FALSE()),"п. 21 — по пом. "&$E42) -> п. 21 — по пом. 36 | H42: =MAX($F42+15,65) -> 80 | I42: Нет | J42: — | K42: Речевой | L42: =IF($K42="Звуковой","не требуется (звуковой способ)",IF($F42<=65,"упрощённая оценка (п. 6.11.3)","нужен расчёт (прил. В / ПО изготовителя)")) -> упрощённая оценка (п. 6.11.3) | M42: Смежная: 36 раздевалка | N42: =VLOOKUP($D42,Категории!$A$5:$C$17,2,FALSE()) -> 60
A43: 1 | B43: 39 | C43: Коридор | D43: Коммуникационные пространства | F43: =IF($E43="",$N43,MAX($N43,INDEX($N$6:$N$225,MATCH($E43,$B$6:$B$225,0)))) -> 60 | G43: =IF($E43="",VLOOKUP($D43,Категории!$A$5:$C$17,3,FALSE()),"п. 21 — по пом. "&$E43) -> п. 21 | H43: =MAX($F43+15,65) -> 75 | I43: Нет | J43: — | K43: Речевой | L43: =IF($K43="Звуковой","не требуется (звуковой способ)",IF($F43<=65,"упрощённая оценка (п. 6.11.3)","нужен расчёт (прил. В / ПО изготовителя)")) -> упрощённая оценка (п. 6.11.3) | N43: =VLOOKUP($D43,Категории!$A$5:$C$17,2,FALSE()) -> 60
A44: 1 | B44: 40 | C44: Коридор | D44: Коммуникационные пространства | F44: =IF($E44="",$N44,MAX($N44,INDEX($N$6:$N$225,MATCH($E44,$B$6:$B$225,0)))) -> 60 | G44: =IF($E44="",VLOOKUP($D44,Категории!$A$5:$C$17,3,FALSE()),"п. 21 — по пом. "&$E44) -> п. 21 | H44: =MAX($F44+15,65) -> 75 | I44: Нет | J44: — | K44: Речевой | L44: =IF($K44="Звуковой","не требуется (звуковой способ)",IF($F44<=65,"упрощённая оценка (п. 6.11.3)","нужен расчёт (прил. В / ПО изготовителя)")) -> упрощённая оценка (п. 6.11.3) | N44: =VLOOKUP($D44,Категории!$A$5:$C$17,2,FALSE()) -> 60
A45: 1 | B45: 41 | C45: Коридор | D45: Коммуникационные пространства | F45: =IF($E45="",$N45,MAX($N45,INDEX($N$6:$N$225,MATCH($E45,$B$6:$B$225,0)))) -> 60 | G45: =IF($E45="",VLOOKUP($D45,Категории!$A$5:$C$17,3,FALSE()),"п. 21 — по пом. "&$E45) -> п. 21 | H45: =MAX($F45+15,65) -> 75 | I45: Нет | J45: — | K45: Речевой | L45: =IF($K45="Звуковой","не требуется (звуковой способ)",IF($F45<=65,"упрощённая оценка (п. 6.11.3)","нужен расчёт (прил. В / ПО изготовителя)")) -> упрощённая оценка (п. 6.11.3) | N45: =VLOOKUP($D45,Категории!$A$5:$C$17,2,FALSE()) -> 60
A46: 1 | B46: 42 | C46: Коридор | D46: Коммуникационные пространства | F46: =IF($E46="",$N46,MAX($N46,INDEX($N$6:$N$225,MATCH($E46,$B$6:$B$225,0)))) -> 60 | G46: =IF($E46="",VLOOKUP($D46,Категории!$A$5:$C$17,3,FALSE()),"п. 21 — по пом. "&$E46) -> п. 21 | H46: =MAX($F46+15,65) -> 75 | I46: Нет | J46: — | K46: Речевой | L46: =IF($K46="Звуковой","не требуется (звуковой способ)",IF($F46<=65,"упрощённая оценка (п. 6.11.3)","нужен расчёт (прил. В / ПО изготовителя)")) -> упрощённая оценка (п. 6.11.3) | N46: =VLOOKUP($D46,Категории!$A$5:$C$17,2,FALSE()) -> 60
A47: 1 | B47: 43 | C47: Бытовка | D47: Вспомогательные помещения | F47: =IF($E47="",$N47,MAX($N47,INDEX($N$6:$N$225,MATCH($E47,$B$6:$B$225,0)))) -> 60 | G47: =IF($E47="",VLOOKUP($D47,Категории!$A$5:$C$17,3,FALSE()),"п. 21 — по пом. "&$E47) -> по аналогии с п. 6 | H47: =MAX($F47+15,65) -> 75 | I47: Нет | J47: — | K47: Речевой | L47: =IF($K47="Звуковой","не требуется (звуковой способ)",IF($F47<=65,"упрощённая оценка (п. 6.11.3)","нужен расчёт (прил. В / ПО изготовителя)")) -> упрощённая оценка (п. 6.11.3) | N47: =VLOOKUP($D47,Категории!$A$5:$C$17,2,FALSE()) -> 60
A48: 1 | B48: 44 | C48: Спортзал | D48: Спортзал, тир, раздевалки | F48: =IF($E48="",$N48,MAX($N48,INDEX($N$6:$N$225,MATCH($E48,$B$6:$B$225,0)))) -> 65 | G48: =IF($E48="",VLOOKUP($D48,Категории!$A$5:$C$17,3,FALSE()),"п. 21 — по пом. "&$E48) -> п. 18 (тир, раздевалки — по аналогии) | H48: =MAX($F48+15,65) -> 80 | I48: Нет | J48: — | K48: Речевой | L48: =IF($K48="Звуковой","не требуется (звуковой способ)",IF($F48<=65,"упрощённая оценка (п. 6.11.3)","нужен расчёт (прил. В / ПО изготовителя)")) -> упрощённая оценка (п. 6.11.3) | N48: =VLOOKUP($D48,Категории!$A$5:$C$17,2,FALSE()) -> 65
A49: 1 | B49: 45 | C49: Кладовая | D49: Вспомогательные помещения | F49: =IF($E49="",$N49,MAX($N49,INDEX($N$6:$N$225,MATCH($E49,$B$6:$B$225,0)))) -> 60 | G49: =IF($E49="",VLOOKUP($D49,Категории!$A$5:$C$17,3,FALSE()),"п. 21 — по пом. "&$E49) -> по аналогии с п. 6 | H49: =MAX($F49+15,65) -> 75 | I49: Да — кладовые | J49: Дверь с нормируемым пределом огнестойкости, шумоподавление не менее 30 дБ, доводчик (п. 6.11.4) | K49: Речевой | L49: =IF($K49="Звуковой","не требуется (звуковой способ)",IF($F49<=65,"упрощённая оценка (п. 6.11.3)","нужен расчёт (прил. В / ПО изготовителя)")) -> упрощённая оценка (п. 6.11.3) | N49: =VLOOKUP($D49,Категории!$A$5:$C$17,2,FALSE()) -> 60
A50: 1 | B50: 46 | C50: Коридор | D50: Коммуникационные пространства | E50: 66 | F50: =IF($E50="",$N50,MAX($N50,INDEX($N$6:$N$225,MATCH($E50,$B$6:$B$225,0)))) -> 65 | G50: =IF($E50="",VLOOKUP($D50,Категории!$A$5:$C$17,3,FALSE()),"п. 21 — по пом. "&$E50) -> п. 21 — по пом. 66 | H50: =MAX($F50+15,65) -> 80 | I50: Нет | J50: — | K50: Речевой | L50: =IF($K50="Звуковой","не требуется (звуковой способ)",IF($F50<=65,"упрощённая оценка (п. 6.11.3)","нужен расчёт (прил. В / ПО изготовителя)")) -> упрощённая оценка (п. 6.11.3) | M50: Смежная: 66 столовая | N50: =VLOOKUP($D50,Категории!$A$5:$C$17,2,FALSE()) -> 60
A51: 1 | B51: 47 | C51: Коридор | D51: Коммуникационные пространства | E51: 44 | F51: =IF($E51="",$N51,MAX($N51,INDEX($N$6:$N$225,MATCH($E51,$B$6:$B$225,0)))) -> 65 | G51: =IF($E51="",VLOOKUP($D51,Категории!$A$5:$C$17,3,FALSE()),"п. 21 — по пом. "&$E51) -> п. 21 — по пом. 44 | H51: =MAX($F51+15,65) -> 80 | I51: Нет | J51: — | K51: Речевой | L51: =IF($K51="Звуковой","не требуется (звуковой способ)",IF($F51<=65,"упрощённая оценка (п. 6.11.3)","нужен расчёт (прил. В / ПО изготовителя)")) -> упрощённая оценка (п. 6.11.3) | M51: Смежный: 44 спортзал | N51: =VLOOKUP($D51,Категории!$A$5:$C$17,2,FALSE()) -> 60
A52: 1 | B52: 48 | C52: Раздевалка | D52: Спортзал, тир, раздевалки | F52: =IF($E52="",$N52,MAX($N52,INDEX($N$6:$N$225,MATCH($E52,$B$6:$B$225,0)))) -> 65 | G52: =IF($E52="",VLOOKUP($D52,Категории!$A$5:$C$17,3,FALSE()),"п. 21 — по пом. "&$E52) -> п. 18 (тир, раздевалки — по аналогии) | H52: =MAX($F52+15,65) -> 80 | I52: Нет | J52: — | K52: Речевой | L52: =IF($K52="Звуковой","не требуется (звуковой способ)",IF($F52<=65,"упрощённая оценка (п. 6.11.3)","нужен расчёт (прил. В / ПО изготовителя)")) -> упрощённая оценка (п. 6.11.3) | N52: =VLOOKUP($D52,Категории!$A$5:$C$17,2,FALSE()) -> 65
A53: 1 | B53: 49 | C53: Санузел | D53: Санузлы | F53: =IF($E53="",$N53,MAX($N53,INDEX($N$6:$N$225,MATCH($E53,$B$6:$B$225,0)))) -> 55 | G53: =IF($E53="",VLOOKUP($D53,Категории!$A$5:$C$17,3,FALSE()),"п. 21 — по пом. "&$E53) -> п. 28 | H53: =MAX($F53+15,65) -> 70 | I53: Нет — санузлы общественные (кроме служебных для персонала) | J53: — | K53: Речевой | L53: =IF($K53="Звуковой","не требуется (звуковой способ)",IF($F53<=65,"упрощённая оценка (п. 6.11.3)","нужен расчёт (прил. В / ПО изготовителя)")) -> упрощённая оценка (п. 6.11.3) | N53: =VLOOKUP($D53,Категории!$A$5:$C$17,2,FALSE()) -> 55
A54: 1 | B54: 50 | C54: Коридор | D54: Коммуникационные пространства | E54: 48 | F54: =IF($E54="",$N54,MAX($N54,INDEX($N$6:$N$225,MATCH($E54,$B$6:$B$225,0)))) -> 65 | G54: =IF($E54="",VLOOKUP($D54,Категории!$A$5:$C$17,3,FALSE()),"п. 21 — по пом. "&$E54) -> п. 21 — по пом. 48 | H54: =MAX($F54+15,65) -> 80 | I54: Нет | J54: — | K54: Речевой | L54: =IF($K54="Звуковой","не требуется (звуковой способ)",IF($F54<=65,"упрощённая оценка (п. 6.11.3)","нужен расчёт (прил. В / ПО изготовителя)")) -> упрощённая оценка (п. 6.11.3) | M54: Смежная: 48 раздевалка | N54: =VLOOKUP($D54,Категории!$A$5:$C$17,2,FALSE()) -> 60
A55: 1 | B55: 51 | C55: Санузел | D55: Санузлы | F55: =IF($E55="",$N55,MAX($N55,INDEX($N$6:$N$225,MATCH($E55,$B$6:$B$225,0)))) -> 55 | G55: =IF($E55="",VLOOKUP($D55,Категории!$A$5:$C$17,3,FALSE()),"п. 21 — по пом. "&$E55) -> п. 28 | H55: =MAX($F55+15,65) -> 70 | I55: Нет — санузлы общественные (кроме служебных для персонала) | J55: — | K55: Речевой | L55: =IF($K55="Звуковой","не требуется (звуковой способ)",IF($F55<=65,"упрощённая оценка (п. 6.11.3)","нужен расчёт (прил. В / ПО изготовителя)")) -> упрощённая оценка (п. 6.11.3) | N55: =VLOOKUP($D55,Категории!$A$5:$C$17,2,FALSE()) -> 55
A56: 1 | B56: 52 | C56: Раздевалка | D56: Спортзал, тир, раздевалки | F56: =IF($E56="",$N56,MAX($N56,INDEX($N$6:$N$225,MATCH($E56,$B$6:$B$225,0)))) -> 65 | G56: =IF($E56="",VLOOKUP($D56,Категории!$A$5:$C$17,3,FALSE()),"п. 21 — по пом. "&$E56) -> п. 18 (тир, раздевалки — по аналогии) | H56: =MAX($F56+15,65) -> 80 | I56: Нет | J56: — | K56: Речевой | L56: =IF($K56="Звуковой","не требуется (звуковой способ)",IF($F56<=65,"упрощённая оценка (п. 6.11.3)","нужен расчёт (прил. В / ПО изготовителя)")) -> упрощённая оценка (п. 6.11.3) | N56: =VLOOKUP($D56,Категории!$A$5:$C$17,2,FALSE()) -> 65
A57: 1 | B57: 53 | C57: Санузел | D57: Санузлы | F57: =IF($E57="",$N57,MAX($N57,INDEX($N$6:$N$225,MATCH($E57,$B$6:$B$225,0)))) -> 55 | G57: =IF($E57="",VLOOKUP($D57,Категории!$A$5:$C$17,3,FALSE()),"п. 21 — по пом. "&$E57) -> п. 28 | H57: =MAX($F57+15,65) -> 70 | I57: Нет — санузлы общественные (кроме служебных для персонала) | J57: — | K57: Речевой | L57: =IF($K57="Звуковой","не требуется (звуковой способ)",IF($F57<=65,"упрощённая оценка (п. 6.11.3)","нужен расчёт (прил. В / ПО изготовителя)")) -> упрощённая оценка (п. 6.11.3) | N57: =VLOOKUP($D57,Категории!$A$5:$C$17,2,FALSE()) -> 55
A58: 1 | B58: 54 | C58: Санузел | D58: Санузлы | F58: =IF($E58="",$N58,MAX($N58,INDEX($N$6:$N$225,MATCH($E58,$B$6:$B$225,0)))) -> 55 | G58: =IF($E58="",VLOOKUP($D58,Категории!$A$5:$C$17,3,FALSE()),"п. 21 — по пом. "&$E58) -> п. 28 | H58: =MAX($F58+15,65) -> 70 | I58: Нет — санузлы общественные (кроме служебных для персонала) | J58: — | K58: Речевой | L58: =IF($K58="Звуковой","не требуется (звуковой способ)",IF($F58<=65,"упрощённая оценка (п. 6.11.3)","нужен расчёт (прил. В / ПО изготовителя)")) -> упрощённая оценка (п. 6.11.3) | N58: =VLOOKUP($D58,Категории!$A$5:$C$17,2,FALSE()) -> 55
A59: 1 | B59: 55 | C59: Коридор | D59: Коммуникационные пространства | E59: 52 | F59: =IF($E59="",$N59,MAX($N59,INDEX($N$6:$N$225,MATCH($E59,$B$6:$B$225,0)))) -> 65 | G59: =IF($E59="",VLOOKUP($D59,Категории!$A$5:$C$17,3,FALSE()),"п. 21 — по пом. "&$E59) -> п. 21 — по пом. 52 | H59: =MAX($F59+15,65) -> 80 | I59: Нет | J59: — | K59: Речевой | L59: =IF($K59="Звуковой","не требуется (звуковой способ)",IF($F59<=65,"упрощённая оценка (п. 6.11.3)","нужен расчёт (прил. В / ПО изготовителя)")) -> упрощённая оценка (п. 6.11.3) | M59: Смежная: 52 раздевалка | N59: =VLOOKUP($D59,Категории!$A$5:$C$17,2,FALSE()) -> 60
A60: 1 | B60: 56 | C60: Кабинет | D60: Учебные помещения | F60: =IF($E60="",$N60,MAX($N60,INDEX($N$6:$N$225,MATCH($E60,$B$6:$B$225,0)))) -> 60 | G60: =IF($E60="",VLOOKUP($D60,Категории!$A$5:$C$17,3,FALSE()),"п. 21 — по пом. "&$E60) -> п. 6 | H60: =MAX($F60+15,65) -> 75 | I60: Нет | J60: — | K60: Речевой | L60: =IF($K60="Звуковой","не требуется (звуковой способ)",IF($F60<=65,"упрощённая оценка (п. 6.11.3)","нужен расчёт (прил. В / ПО изготовителя)")) -> упрощённая оценка (п. 6.11.3) | N60: =VLOOKUP($D60,Категории!$A$5:$C$17,2,FALSE()) -> 60
A61: 1 | B61: 57 | C61: Кабинет | D61: Учебные помещения | F61: =IF($E61="",$N61,MAX($N61,INDEX($N$6:$N$225,MATCH($E61,$B$6:$B$225,0)))) -> 60 | G61: =IF($E61="",VLOOKUP($D61,Категории!$A$5:$C$17,3,FALSE()),"п. 21 — по пом. "&$E61) -> п. 6 | H61: =MAX($F61+15,65) -> 75 | I61: Нет | J61: — | K61: Речевой | L61: =IF($K61="Звуковой","не требуется (звуковой способ)",IF($F61<=65,"упрощённая оценка (п. 6.11.3)","нужен расчёт (прил. В / ПО изготовителя)")) -> упрощённая оценка (п. 6.11.3) | N61: =VLOOKUP($D61,Категории!$A$5:$C$17,2,FALSE()) -> 60
A62: 1 | B62: 58 | C62: Кладовая | D62: Вспомогательные помещения | F62: =IF($E62="",$N62,MAX($N62,INDEX($N$6:$N$225,MATCH($E62,$B$6:$B$225,0)))) -> 60 | G62: =IF($E62="",VLOOKUP($D62,Категории!$A$5:$C$17,3,FALSE()),"п. 21 — по пом. "&$E62) -> по аналогии с п. 6 | H62: =MAX($F62+15,65) -> 75 | I62: Да — кладовые | J62: Дверь с нормируемым пределом огнестойкости, шумоподавление не менее 30 дБ, доводчик (п. 6.11.4) | K62: Речевой | L62: =IF($K62="Звуковой","не требуется (звуковой способ)",IF($F62<=65,"упрощённая оценка (п. 6.11.3)","нужен расчёт (прил. В / ПО изготовителя)")) -> упрощённая оценка (п. 6.11.3) | N62: =VLOOKUP($D62,Категории!$A$5:$C$17,2,FALSE()) -> 60
A63: 1 | B63: 59 | C63: Санузел | D63: Санузлы | F63: =IF($E63="",$N63,MAX($N63,INDEX($N$6:$N$225,MATCH($E63,$B$6:$B$225,0)))) -> 55 | G63: =IF($E63="",VLOOKUP($D63,Категории!$A$5:$C$17,3,FALSE()),"п. 21 — по пом. "&$E63) -> п. 28 | H63: =MAX($F63+15,65) -> 70 | I63: Нет — санузлы общественные (кроме служебных для персонала) | J63: — | K63: Речевой | L63: =IF($K63="Звуковой","не требуется (звуковой способ)",IF($F63<=65,"упрощённая оценка (п. 6.11.3)","нужен расчёт (прил. В / ПО изготовителя)")) -> упрощённая оценка (п. 6.11.3) | N63: =VLOOKUP($D63,Категории!$A$5:$C$17,2,FALSE()) -> 55
A64: 1 | B64: 60 | C64: Коридор | D64: Коммуникационные пространства | E64: 63 | F64: =IF($E64="",$N64,MAX($N64,INDEX($N$6:$N$225,MATCH($E64,$B$6:$B$225,0)))) -> 70 | G64: =IF($E64="",VLOOKUP($D64,Категории!$A$5:$C$17,3,FALSE()),"п. 21 — по пом. "&$E64) -> п. 21 — по пом. 63 | H64: =MAX($F64+15,65) -> 85 | I64: Нет | J64: — | K64: Речевой | L64: =IF($K64="Звуковой","не требуется (звуковой способ)",IF($F64<=65,"упрощённая оценка (п. 6.11.3)","нужен расчёт (прил. В / ПО изготовителя)")) -> нужен расчёт (прил. В / ПО изготовителя) | M64: Смежные: 63 холодильная камера, 62 склад | N64: =VLOOKUP($D64,Категории!$A$5:$C$17,2,FALSE()) -> 60
A65: 1 | B65: 61 | C65: Кооридор | D65: Коммуникационные пространства | F65: =IF($E65="",$N65,MAX($N65,INDEX($N$6:$N$225,MATCH($E65,$B$6:$B$225,0)))) -> 60 | G65: =IF($E65="",VLOOKUP($D65,Категории!$A$5:$C$17,3,FALSE()),"п. 21 — по пом. "&$E65) -> п. 21 | H65: =MAX($F65+15,65) -> 75 | I65: Нет | J65: — | K65: Речевой | L65: =IF($K65="Звуковой","не требуется (звуковой способ)",IF($F65<=65,"упрощённая оценка (п. 6.11.3)","нужен расчёт (прил. В / ПО изготовителя)")) -> упрощённая оценка (п. 6.11.3) | M65: Опечатка в экспликации: «Кооридор» | N65: =VLOOKUP($D65,Категории!$A$5:$C$17,2,FALSE()) -> 60
A66: 1 | B66: 62 | C66: Склад | D66: Вспомогательные помещения | F66: =IF($E66="",$N66,MAX($N66,INDEX($N$6:$N$225,MATCH($E66,$B$6:$B$225,0)))) -> 60 | G66: =IF($E66="",VLOOKUP($D66,Категории!$A$5:$C$17,3,FALSE()),"п. 21 — по пом. "&$E66) -> по аналогии с п. 6 | H66: =MAX($F66+15,65) -> 75 | I66: По аналогии с кладовыми — обосновать в ПЗ | J66: Дверь с нормируемым пределом огнестойкости, шумоподавление не менее 30 дБ, доводчик (п. 6.11.4) | K66: Речевой | L66: =IF($K66="Звуковой","не требуется (звуковой способ)",IF($F66<=65,"упрощённая оценка (п. 6.11.3)","нужен расчёт (прил. В / ПО изготовителя)")) -> упрощённая оценка (п. 6.11.3) | N66: =VLOOKUP($D66,Категории!$A$5:$C$17,2,FALSE()) -> 60
A67: 1 | B67: 63 | C67: Холодильная камера | D67: Пищеблок | F67: =IF($E67="",$N67,MAX($N67,INDEX($N$6:$N$225,MATCH($E67,$B$6:$B$225,0)))) -> 70 | G67: =IF($E67="",VLOOKUP($D67,Категории!$A$5:$C$17,3,FALSE()),"п. 21 — по пом. "&$E67) -> по аналогии с п. 26 | H67: =MAX($F67+15,65) -> 85 | I67: Да — помещения холодильных камер | J67: Дверь с нормируемым пределом огнестойкости, шумоподавление не менее 30 дБ, доводчик (п. 6.11.4) | K67: Звуковой | L67: =IF($K67="Звуковой","не требуется (звуковой способ)",IF($F67<=65,"упрощённая оценка (п. 6.11.3)","нужен расчёт (прил. В / ПО изготовителя)")) -> не требуется (звуковой способ) | M67: Звуковой — если дверь отвечает п. 6.11.4; иначе речевой | N67: =VLOOKUP($D67,Категории!$A$5:$C$17,2,FALSE()) -> 70
A68: 1 | B68: 64 | C68: Моечная | D68: Пищеблок | F68: =IF($E68="",$N68,MAX($N68,INDEX($N$6:$N$225,MATCH($E68,$B$6:$B$225,0)))) -> 70 | G68: =IF($E68="",VLOOKUP($D68,Категории!$A$5:$C$17,3,FALSE()),"п. 21 — по пом. "&$E68) -> по аналогии с п. 26 | H68: =MAX($F68+15,65) -> 85 | I68: Нет — пищеблок общественного питания | J68: — | K68: Речевой | L68: =IF($K68="Звуковой","не требуется (звуковой способ)",IF($F68<=65,"упрощённая оценка (п. 6.11.3)","нужен расчёт (прил. В / ПО изготовителя)")) -> нужен расчёт (прил. В / ПО изготовителя) | N68: =VLOOKUP($D68,Категории!$A$5:$C$17,2,FALSE()) -> 70
A69: 1 | B69: 65 | C69: Кабинет | D69: Учебные помещения | F69: =IF($E69="",$N69,MAX($N69,INDEX($N$6:$N$225,MATCH($E69,$B$6:$B$225,0)))) -> 60 | G69: =IF($E69="",VLOOKUP($D69,Категории!$A$5:$C$17,3,FALSE()),"п. 21 — по пом. "&$E69) -> п. 6 | H69: =MAX($F69+15,65) -> 75 | I69: Нет | J69: — | K69: Речевой | L69: =IF($K69="Звуковой","не требуется (звуковой способ)",IF($F69<=65,"упрощённая оценка (п. 6.11.3)","нужен расчёт (прил. В / ПО изготовителя)")) -> упрощённая оценка (п. 6.11.3) | N69: =VLOOKUP($D69,Категории!$A$5:$C$17,2,FALSE()) -> 60
A70: 1 | B70: 66 | C70: Столовая | D70: Обеденный зал | F70: =IF($E70="",$N70,MAX($N70,INDEX($N$6:$N$225,MATCH($E70,$B$6:$B$225,0)))) -> 65 | G70: =IF($E70="",VLOOKUP($D70,Категории!$A$5:$C$17,3,FALSE()),"п. 21 — по пом. "&$E70) -> п. 12 | H70: =MAX($F70+15,65) -> 80 | I70: Нет | J70: — | K70: Речевой | L70: =IF($K70="Звуковой","не требуется (звуковой способ)",IF($F70<=65,"упрощённая оценка (п. 6.11.3)","нужен расчёт (прил. В / ПО изготовителя)")) -> упрощённая оценка (п. 6.11.3) | N70: =VLOOKUP($D70,Категории!$A$5:$C$17,2,FALSE()) -> 65
A71: 1 | B71: 67 | C71: Лестничная клетка | D71: Коммуникационные пространства | F71: =IF($E71="",$N71,MAX($N71,INDEX($N$6:$N$225,MATCH($E71,$B$6:$B$225,0)))) -> 60 | G71: =IF($E71="",VLOOKUP($D71,Категории!$A$5:$C$17,3,FALSE()),"п. 21 — по пом. "&$E71) -> п. 21 | H71: =MAX($F71+15,65) -> 75 | I71: Нет | J71: — | K71: Речевой | L71: =IF($K71="Звуковой","не требуется (звуковой способ)",IF($F71<=65,"упрощённая оценка (п. 6.11.3)","нужен расчёт (прил. В / ПО изготовителя)")) -> упрощённая оценка (п. 6.11.3) | N71: =VLOOKUP($D71,Категории!$A$5:$C$17,2,FALSE()) -> 60
A72: 1 | B72: 68 | C72: Кабинет | D72: Учебные помещения | F72: =IF($E72="",$N72,MAX($N72,INDEX($N$6:$N$225,MATCH($E72,$B$6:$B$225,0)))) -> 60 | G72: =IF($E72="",VLOOKUP($D72,Категории!$A$5:$C$17,3,FALSE()),"п. 21 — по пом. "&$E72) -> п. 6 | H72: =MAX($F72+15,65) -> 75 | I72: Нет | J72: — | K72: Речевой | L72: =IF($K72="Звуковой","не требуется (звуковой способ)",IF($F72<=65,"упрощённая оценка (п. 6.11.3)","нужен расчёт (прил. В / ПО изготовителя)")) -> упрощённая оценка (п. 6.11.3) | N72: =VLOOKUP($D72,Категории!$A$5:$C$17,2,FALSE()) -> 60
A73: 1 | B73: 69 | C73: Коридор | D73: Коммуникационные пространства | F73: =IF($E73="",$N73,MAX($N73,INDEX($N$6:$N$225,MATCH($E73,$B$6:$B$225,0)))) -> 60 | G73: =IF($E73="",VLOOKUP($D73,Категории!$A$5:$C$17,3,FALSE()),"п. 21 — по пом. "&$E73) -> п. 21 | H73: =MAX($F73+15,65) -> 75 | I73: Нет | J73: — | K73: Речевой | L73: =IF($K73="Звуковой","не требуется (звуковой способ)",IF($F73<=65,"упрощённая оценка (п. 6.11.3)","нужен расчёт (прил. В / ПО изготовителя)")) -> упрощённая оценка (п. 6.11.3) | N73: =VLOOKUP($D73,Категории!$A$5:$C$17,2,FALSE()) -> 60
A74: 1 | B74: 70 | C74: Подсобное | D74: Вспомогательные помещения | F74: =IF($E74="",$N74,MAX($N74,INDEX($N$6:$N$225,MATCH($E74,$B$6:$B$225,0)))) -> 60 | G74: =IF($E74="",VLOOKUP($D74,Категории!$A$5:$C$17,3,FALSE()),"п. 21 — по пом. "&$E74) -> по аналогии с п. 6 | H74: =MAX($F74+15,65) -> 75 | I74: Только если по назначению кладовая или электрощитовая — уточнить | J74: Дверь с нормируемым пределом огнестойкости, шумоподавление не менее 30 дБ, доводчик (п. 6.11.4) | K74: Речевой | L74: =IF($K74="Звуковой","не требуется (звуковой способ)",IF($F74<=65,"упрощённая оценка (п. 6.11.3)","нужен расчёт (прил. В / ПО изготовителя)")) -> упрощённая оценка (п. 6.11.3) | N74: =VLOOKUP($D74,Категории!$A$5:$C$17,2,FALSE()) -> 60
A75: 1 | B75: 71 | C75: Лестничная клетка | D75: Коммуникационные пространства | F75: =IF($E75="",$N75,MAX($N75,INDEX($N$6:$N$225,MATCH($E75,$B$6:$B$225,0)))) -> 60 | G75: =IF($E75="",VLOOKUP($D75,Категории!$A$5:$C$17,3,FALSE()),"п. 21 — по пом. "&$E75) -> п. 21 | H75: =MAX($F75+15,65) -> 75 | I75: Нет | J75: — | K75: Речевой | L75: =IF($K75="Звуковой","не требуется (звуковой способ)",IF($F75<=65,"упрощённая оценка (п. 6.11.3)","нужен расчёт (прил. В / ПО изготовителя)")) -> упрощённая оценка (п. 6.11.3) | N75: =VLOOKUP($D75,Категории!$A$5:$C$17,2,FALSE()) -> 60
A76: 1 | B76: 72 | C76: Кабинет | D76: Учебные помещения | F76: =IF($E76="",$N76,MAX($N76,INDEX($N$6:$N$225,MATCH($E76,$B$6:$B$225,0)))) -> 60 | G76: =IF($E76="",VLOOKUP($D76,Категории!$A$5:$C$17,3,FALSE()),"п. 21 — по пом. "&$E76) -> п. 6 | H76: =MAX($F76+15,65) -> 75 | I76: Нет | J76: — | K76: Речевой | L76: =IF($K76="Звуковой","не требуется (звуковой способ)",IF($F76<=65,"упрощённая оценка (п. 6.11.3)","нужен расчёт (прил. В / ПО изготовителя)")) -> упрощённая оценка (п. 6.11.3) | N76: =VLOOKUP($D76,Категории!$A$5:$C$17,2,FALSE()) -> 60
A77: 1 | B77: 73 | C77: Класс | D77: Учебные помещения | F77: =IF($E77="",$N77,MAX($N77,INDEX($N$6:$N$225,MATCH($E77,$B$6:$B$225,0)))) -> 60 | G77: =IF($E77="",VLOOKUP($D77,Категории!$A$5:$C$17,3,FALSE()),"п. 21 — по пом. "&$E77) -> п. 6 | H77: =MAX($F77+15,65) -> 75 | I77: Нет | J77: — | K77: Речевой | L77: =IF($K77="Звуковой","не требуется (звуковой способ)",IF($F77<=65,"упрощённая оценка (п. 6.11.3)","нужен расчёт (прил. В / ПО изготовителя)")) -> упрощённая оценка (п. 6.11.3) | N77: =VLOOKUP($D77,Категории!$A$5:$C$17,2,FALSE()) -> 60
A78: 1 | B78: 74 | C78: Мастерская | D78: Учебные мастерские со станками | F78: =IF($E78="",$N78,MAX($N78,INDEX($N$6:$N$225,MATCH($E78,$B$6:$B$225,0)))) -> 80 | G78: =IF($E78="",VLOOKUP($D78,Категории!$A$5:$C$17,3,FALSE()),"п. 21 — по пом. "&$E78) -> по аналогии с п. 4 | H78: =MAX($F78+15,65) -> 95 | I78: Формально да (производственные помещения), но идут уроки — рекомендуется речевой | J78: Дверь с нормируемым пределом огнестойкости, шумоподавление не менее 30 дБ, доводчик (п. 6.11.4) | K78: Речевой | L78: =IF($K78="Звуковой","не требуется (звуковой способ)",IF($F78<=65,"упрощённая оценка (п. 6.11.3)","нужен расчёт (прил. В / ПО изготовителя)")) -> нужен расчёт (прил. В / ПО изготовителя) | M78: См. категорию: 60 дБА при автоматическом отключении станков (п. 6.8.7) | N78: =VLOOKUP($D78,Категории!$A$5:$C$17,2,FALSE()) -> 80
A79: 1 | B79: 75 | C79: Коридор | D79: Коммуникационные пространства | E79: 74 | F79: =IF($E79="",$N79,MAX($N79,INDEX($N$6:$N$225,MATCH($E79,$B$6:$B$225,0)))) -> 80 | G79: =IF($E79="",VLOOKUP($D79,Категории!$A$5:$C$17,3,FALSE()),"п. 21 — по пом. "&$E79) -> п. 21 — по пом. 74 | H79: =MAX($F79+15,65) -> 95 | I79: Нет | J79: — | K79: Речевой | L79: =IF($K79="Звуковой","не требуется (звуковой способ)",IF($F79<=65,"упрощённая оценка (п. 6.11.3)","нужен расчёт (прил. В / ПО изготовителя)")) -> нужен расчёт (прил. В / ПО изготовителя) | M79: Смежная: 74 мастерская | N79: =VLOOKUP($D79,Категории!$A$5:$C$17,2,FALSE()) -> 60
A80: 1 | B80: 76 | C80: Инструментальная | D80: Вспомогательные помещения | F80: =IF($E80="",$N80,MAX($N80,INDEX($N$6:$N$225,MATCH($E80,$B$6:$B$225,0)))) -> 60 | G80: =IF($E80="",VLOOKUP($D80,Категории!$A$5:$C$17,3,FALSE()),"п. 21 — по пом. "&$E80) -> по аналогии с п. 6 | H80: =MAX($F80+15,65) -> 75 | I80: По аналогии с кладовыми — обосновать в ПЗ | J80: Дверь с нормируемым пределом огнестойкости, шумоподавление не менее 30 дБ, доводчик (п. 6.11.4) | K80: Речевой | L80: =IF($K80="Звуковой","не требуется (звуковой способ)",IF($F80<=65,"упрощённая оценка (п. 6.11.3)","нужен расчёт (прил. В / ПО изготовителя)")) -> упрощённая оценка (п. 6.11.3) | N80: =VLOOKUP($D80,Категории!$A$5:$C$17,2,FALSE()) -> 60
A81: 1 | B81: 77 | C81: Лаборантская | D81: Учебные помещения | F81: =IF($E81="",$N81,MAX($N81,INDEX($N$6:$N$225,MATCH($E81,$B$6:$B$225,0)))) -> 60 | G81: =IF($E81="",VLOOKUP($D81,Категории!$A$5:$C$17,3,FALSE()),"п. 21 — по пом. "&$E81) -> п. 6 | H81: =MAX($F81+15,65) -> 75 | I81: Нет | J81: — | K81: Речевой | L81: =IF($K81="Звуковой","не требуется (звуковой способ)",IF($F81<=65,"упрощённая оценка (п. 6.11.3)","нужен расчёт (прил. В / ПО изготовителя)")) -> упрощённая оценка (п. 6.11.3) | N81: =VLOOKUP($D81,Категории!$A$5:$C$17,2,FALSE()) -> 60
A82: 1 | B82: 78 | C82: Класс | D82: Учебные помещения | F82: =IF($E82="",$N82,MAX($N82,INDEX($N$6:$N$225,MATCH($E82,$B$6:$B$225,0)))) -> 60 | G82: =IF($E82="",VLOOKUP($D82,Категории!$A$5:$C$17,3,FALSE()),"п. 21 — по пом. "&$E82) -> п. 6 | H82: =MAX($F82+15,65) -> 75 | I82: Нет | J82: — | K82: Речевой | L82: =IF($K82="Звуковой","не требуется (звуковой способ)",IF($F82<=65,"упрощённая оценка (п. 6.11.3)","нужен расчёт (прил. В / ПО изготовителя)")) -> упрощённая оценка (п. 6.11.3) | N82: =VLOOKUP($D82,Категории!$A$5:$C$17,2,FALSE()) -> 60
A83: 1 | B83: 79 | C83: Коридор | D83: Коммуникационные пространства | E83: 74 | F83: =IF($E83="",$N83,MAX($N83,INDEX($N$6:$N$225,MATCH($E83,$B$6:$B$225,0)))) -> 80 | G83: =IF($E83="",VLOOKUP($D83,Категории!$A$5:$C$17,3,FALSE()),"п. 21 — по пом. "&$E83) -> п. 21 — по пом. 74 | H83: =MAX($F83+15,65) -> 95 | I83: Нет | J83: — | K83: Речевой | L83: =IF($K83="Звуковой","не требуется (звуковой способ)",IF($F83<=65,"упрощённая оценка (п. 6.11.3)","нужен расчёт (прил. В / ПО изготовителя)")) -> нужен расчёт (прил. В / ПО изготовителя) | M83: Номер на плане не проставлен; принят по наихудшему смежному (74 мастерская) — уточнить | N83: =VLOOKUP($D83,Категории!$A$5:$C$17,2,FALSE()) -> 60
A84: 1 | B84: 80 | C84: Подсобное | D84: Вспомогательные помещения | F84: =IF($E84="",$N84,MAX($N84,INDEX($N$6:$N$225,MATCH($E84,$B$6:$B$225,0)))) -> 60 | G84: =IF($E84="",VLOOKUP($D84,Категории!$A$5:$C$17,3,FALSE()),"п. 21 — по пом. "&$E84) -> по аналогии с п. 6 | H84: =MAX($F84+15,65) -> 75 | I84: Только если по назначению кладовая или электрощитовая — уточнить | J84: Дверь с нормируемым пределом огнестойкости, шумоподавление не менее 30 дБ, доводчик (п. 6.11.4) | K84: Речевой | L84: =IF($K84="Звуковой","не требуется (звуковой способ)",IF($F84<=65,"упрощённая оценка (п. 6.11.3)","нужен расчёт (прил. В / ПО изготовителя)")) -> упрощённая оценка (п. 6.11.3) | N84: =VLOOKUP($D84,Категории!$A$5:$C$17,2,FALSE()) -> 60
A85: 1 | B85: 81 | C85: Коридор | D85: Коммуникационные пространства | E85: 74 | F85: =IF($E85="",$N85,MAX($N85,INDEX($N$6:$N$225,MATCH($E85,$B$6:$B$225,0)))) -> 80 | G85: =IF($E85="",VLOOKUP($D85,Категории!$A$5:$C$17,3,FALSE()),"п. 21 — по пом. "&$E85) -> п. 21 — по пом. 74 | H85: =MAX($F85+15,65) -> 95 | I85: Нет | J85: — | K85: Речевой | L85: =IF($K85="Звуковой","не требуется (звуковой способ)",IF($F85<=65,"упрощённая оценка (п. 6.11.3)","нужен расчёт (прил. В / ПО изготовителя)")) -> нужен расчёт (прил. В / ПО изготовителя) | M85: Номер на плане не проставлен; принят по наихудшему смежному (74 мастерская) — уточнить | N85: =VLOOKUP($D85,Категории!$A$5:$C$17,2,FALSE()) -> 60
A86: 1 | B86: 82 | C86: Санузел | D86: Санузлы | F86: =IF($E86="",$N86,MAX($N86,INDEX($N$6:$N$225,MATCH($E86,$B$6:$B$225,0)))) -> 55 | G86: =IF($E86="",VLOOKUP($D86,Категории!$A$5:$C$17,3,FALSE()),"п. 21 — по пом. "&$E86) -> п. 28 | H86: =MAX($F86+15,65) -> 70 | I86: Нет — санузлы общественные (кроме служебных для персонала) | J86: — | K86: Речевой | L86: =IF($K86="Звуковой","не требуется (звуковой способ)",IF($F86<=65,"упрощённая оценка (п. 6.11.3)","нужен расчёт (прил. В / ПО изготовителя)")) -> упрощённая оценка (п. 6.11.3) | N86: =VLOOKUP($D86,Категории!$A$5:$C$17,2,FALSE()) -> 55
A87: 1 | B87: 83 | C87: Коридор | D87: Коммуникационные пространства | F87: =IF($E87="",$N87,MAX($N87,INDEX($N$6:$N$225,MATCH($E87,$B$6:$B$225,0)))) -> 60 | G87: =IF($E87="",VLOOKUP($D87,Категории!$A$5:$C$17,3,FALSE()),"п. 21 — по пом. "&$E87) -> п. 21 | H87: =MAX($F87+15,65) -> 75 | I87: Нет | J87: — | K87: Речевой | L87: =IF($K87="Звуковой","не требуется (звуковой способ)",IF($F87<=65,"упрощённая оценка (п. 6.11.3)","нужен расчёт (прил. В / ПО изготовителя)")) -> упрощённая оценка (п. 6.11.3) | N87: =VLOOKUP($D87,Категории!$A$5:$C$17,2,FALSE()) -> 60
A88: 1 | B88: 84 | C88: Коридор | D88: Коммуникационные пространства | E88: 74 | F88: =IF($E88="",$N88,MAX($N88,INDEX($N$6:$N$225,MATCH($E88,$B$6:$B$225,0)))) -> 80 | G88: =IF($E88="",VLOOKUP($D88,Категории!$A$5:$C$17,3,FALSE()),"п. 21 — по пом. "&$E88) -> п. 21 — по пом. 74 | H88: =MAX($F88+15,65) -> 95 | I88: Нет | J88: — | K88: Речевой | L88: =IF($K88="Звуковой","не требуется (звуковой способ)",IF($F88<=65,"упрощённая оценка (п. 6.11.3)","нужен расчёт (прил. В / ПО изготовителя)")) -> нужен расчёт (прил. В / ПО изготовителя) | M88: Номер на плане не проставлен; принят по наихудшему смежному (74 мастерская) — уточнить | N88: =VLOOKUP($D88,Категории!$A$5:$C$17,2,FALSE()) -> 60
A89: 1 | B89: 85 | C89: Коридор | D89: Коммуникационные пространства | E89: 74 | F89: =IF($E89="",$N89,MAX($N89,INDEX($N$6:$N$225,MATCH($E89,$B$6:$B$225,0)))) -> 80 | G89: =IF($E89="",VLOOKUP($D89,Категории!$A$5:$C$17,3,FALSE()),"п. 21 — по пом. "&$E89) -> п. 21 — по пом. 74 | H89: =MAX($F89+15,65) -> 95 | I89: Нет | J89: — | K89: Речевой | L89: =IF($K89="Звуковой","не требуется (звуковой способ)",IF($F89<=65,"упрощённая оценка (п. 6.11.3)","нужен расчёт (прил. В / ПО изготовителя)")) -> нужен расчёт (прил. В / ПО изготовителя) | M89: Номер на плане не проставлен; принят по наихудшему смежному (74 мастерская) — уточнить | N89: =VLOOKUP($D89,Категории!$A$5:$C$17,2,FALSE()) -> 60
A90: 2 | B90: 35 | C90: Раздевалка | D90: Спортзал, тир, раздевалки | F90: =IF($E90="",$N90,MAX($N90,INDEX($N$6:$N$225,MATCH($E90,$B$6:$B$225,0)))) -> 65 | G90: =IF($E90="",VLOOKUP($D90,Категории!$A$5:$C$17,3,FALSE()),"п. 21 — по пом. "&$E90) -> п. 18 (тир, раздевалки — по аналогии) | H90: =MAX($F90+15,65) -> 80 | I90: Нет | J90: — | K90: Речевой | L90: =IF($K90="Звуковой","не требуется (звуковой способ)",IF($F90<=65,"упрощённая оценка (п. 6.11.3)","нужен расчёт (прил. В / ПО изготовителя)")) -> упрощённая оценка (п. 6.11.3) | N90: =VLOOKUP($D90,Категории!$A$5:$C$17,2,FALSE()) -> 65
A91: 2 | B91: 86 | C91: Библиотека | D91: Учебные помещения | F91: =IF($E91="",$N91,MAX($N91,INDEX($N$6:$N$225,MATCH($E91,$B$6:$B$225,0)))) -> 60 | G91: =IF($E91="",VLOOKUP($D91,Категории!$A$5:$C$17,3,FALSE()),"п. 21 — по пом. "&$E91) -> п. 6 | H91: =MAX($F91+15,65) -> 75 | I91: Нет | J91: — | K91: Речевой | L91: =IF($K91="Звуковой","не требуется (звуковой способ)",IF($F91<=65,"упрощённая оценка (п. 6.11.3)","нужен расчёт (прил. В / ПО изготовителя)")) -> упрощённая оценка (п. 6.11.3) | N91: =VLOOKUP($D91,Категории!$A$5:$C$17,2,FALSE()) -> 60
A92: 2 | B92: 87 | C92: Библиотека | D92: Учебные помещения | F92: =IF($E92="",$N92,MAX($N92,INDEX($N$6:$N$225,MATCH($E92,$B$6:$B$225,0)))) -> 60 | G92: =IF($E92="",VLOOKUP($D92,Категории!$A$5:$C$17,3,FALSE()),"п. 21 — по пом. "&$E92) -> п. 6 | H92: =MAX($F92+15,65) -> 75 | I92: Нет | J92: — | K92: Речевой | L92: =IF($K92="Звуковой","не требуется (звуковой способ)",IF($F92<=65,"упрощённая оценка (п. 6.11.3)","нужен расчёт (прил. В / ПО изготовителя)")) -> упрощённая оценка (п. 6.11.3) | N92: =VLOOKUP($D92,Категории!$A$5:$C$17,2,FALSE()) -> 60
A93: 2 | B93: 88 | C93: Лаборанская | D93: Учебные помещения | F93: =IF($E93="",$N93,MAX($N93,INDEX($N$6:$N$225,MATCH($E93,$B$6:$B$225,0)))) -> 60 | G93: =IF($E93="",VLOOKUP($D93,Категории!$A$5:$C$17,3,FALSE()),"п. 21 — по пом. "&$E93) -> п. 6 | H93: =MAX($F93+15,65) -> 75 | I93: Нет | J93: — | K93: Речевой | L93: =IF($K93="Звуковой","не требуется (звуковой способ)",IF($F93<=65,"упрощённая оценка (п. 6.11.3)","нужен расчёт (прил. В / ПО изготовителя)")) -> упрощённая оценка (п. 6.11.3) | M93: Опечатка в экспликации: «Лаборанская» | N93: =VLOOKUP($D93,Категории!$A$5:$C$17,2,FALSE()) -> 60
A94: 2 | B94: 89 | C94: Класс | D94: Учебные помещения | F94: =IF($E94="",$N94,MAX($N94,INDEX($N$6:$N$225,MATCH($E94,$B$6:$B$225,0)))) -> 60 | G94: =IF($E94="",VLOOKUP($D94,Категории!$A$5:$C$17,3,FALSE()),"п. 21 — по пом. "&$E94) -> п. 6 | H94: =MAX($F94+15,65) -> 75 | I94: Нет | J94: — | K94: Речевой | L94: =IF($K94="Звуковой","не требуется (звуковой способ)",IF($F94<=65,"упрощённая оценка (п. 6.11.3)","нужен расчёт (прил. В / ПО изготовителя)")) -> упрощённая оценка (п. 6.11.3) | N94: =VLOOKUP($D94,Категории!$A$5:$C$17,2,FALSE()) -> 60
A95: 2 | B95: 90 | C95: Лестничная клетка | D95: Коммуникационные пространства | F95: =IF($E95="",$N95,MAX($N95,INDEX($N$6:$N$225,MATCH($E95,$B$6:$B$225,0)))) -> 60 | G95: =IF($E95="",VLOOKUP($D95,Категории!$A$5:$C$17,3,FALSE()),"п. 21 — по пом. "&$E95) -> п. 21 | H95: =MAX($F95+15,65) -> 75 | I95: Нет | J95: — | K95: Речевой | L95: =IF($K95="Звуковой","не требуется (звуковой способ)",IF($F95<=65,"упрощённая оценка (п. 6.11.3)","нужен расчёт (прил. В / ПО изготовителя)")) -> упрощённая оценка (п. 6.11.3) | N95: =VLOOKUP($D95,Категории!$A$5:$C$17,2,FALSE()) -> 60
A96: 2 | B96: 91 | C96: Класс | D96: Учебные помещения | F96: =IF($E96="",$N96,MAX($N96,INDEX($N$6:$N$225,MATCH($E96,$B$6:$B$225,0)))) -> 60 | G96: =IF($E96="",VLOOKUP($D96,Категории!$A$5:$C$17,3,FALSE()),"п. 21 — по пом. "&$E96) -> п. 6 | H96: =MAX($F96+15,65) -> 75 | I96: Нет | J96: — | K96: Речевой | L96: =IF($K96="Звуковой","не требуется (звуковой способ)",IF($F96<=65,"упрощённая оценка (п. 6.11.3)","нужен расчёт (прил. В / ПО изготовителя)")) -> упрощённая оценка (п. 6.11.3) | N96: =VLOOKUP($D96,Категории!$A$5:$C$17,2,FALSE()) -> 60
A97: 2 | B97: 92 | C97: Коридор | D97: Коммуникационные пространства | E97: 35 | F97: =IF($E97="",$N97,MAX($N97,INDEX($N$6:$N$225,MATCH($E97,$B$6:$B$225,0)))) -> 65 | G97: =IF($E97="",VLOOKUP($D97,Категории!$A$5:$C$17,3,FALSE()),"п. 21 — по пом. "&$E97) -> п. 21 — по пом. 35 | H97: =MAX($F97+15,65) -> 80 | I97: Нет | J97: — | K97: Речевой | L97: =IF($K97="Звуковой","не требуется (звуковой способ)",IF($F97<=65,"упрощённая оценка (п. 6.11.3)","нужен расчёт (прил. В / ПО изготовителя)")) -> упрощённая оценка (п. 6.11.3) | M97: Смежная: 35 раздевалка — проверить по плану | N97: =VLOOKUP($D97,Категории!$A$5:$C$17,2,FALSE()) -> 60
A98: 2 | B98: 93 | C98: Лестничная клетка | D98: Коммуникационные пространства | F98: =IF($E98="",$N98,MAX($N98,INDEX($N$6:$N$225,MATCH($E98,$B$6:$B$225,0)))) -> 60 | G98: =IF($E98="",VLOOKUP($D98,Категории!$A$5:$C$17,3,FALSE()),"п. 21 — по пом. "&$E98) -> п. 21 | H98: =MAX($F98+15,65) -> 75 | I98: Нет | J98: — | K98: Речевой | L98: =IF($K98="Звуковой","не требуется (звуковой способ)",IF($F98<=65,"упрощённая оценка (п. 6.11.3)","нужен расчёт (прил. В / ПО изготовителя)")) -> упрощённая оценка (п. 6.11.3) | N98: =VLOOKUP($D98,Категории!$A$5:$C$17,2,FALSE()) -> 60
A99: 2 | B99: 94 | C99: Класс | D99: Учебные помещения | F99: =IF($E99="",$N99,MAX($N99,INDEX($N$6:$N$225,MATCH($E99,$B$6:$B$225,0)))) -> 60 | G99: =IF($E99="",VLOOKUP($D99,Категории!$A$5:$C$17,3,FALSE()),"п. 21 — по пом. "&$E99) -> п. 6 | H99: =MAX($F99+15,65) -> 75 | I99: Нет | J99: — | K99: Речевой | L99: =IF($K99="Звуковой","не требуется (звуковой способ)",IF($F99<=65,"упрощённая оценка (п. 6.11.3)","нужен расчёт (прил. В / ПО изготовителя)")) -> упрощённая оценка (п. 6.11.3) | N99: =VLOOKUP($D99,Категории!$A$5:$C$17,2,FALSE()) -> 60
A100: 2 | B100: 95 | C100: Коридор | D100: Коммуникационные пространства | F100: =IF($E100="",$N100,MAX($N100,INDEX($N$6:$N$225,MATCH($E100,$B$6:$B$225,0)))) -> 60 | G100: =IF($E100="",VLOOKUP($D100,Категории!$A$5:$C$17,3,FALSE()),"п. 21 — по пом. "&$E100) -> п. 21 | H100: =MAX($F100+15,65) -> 75 | I100: Нет | J100: — | K100: Речевой | L100: =IF($K100="Звуковой","не требуется (звуковой способ)",IF($F100<=65,"упрощённая оценка (п. 6.11.3)","нужен расчёт (прил. В / ПО изготовителя)")) -> упрощённая оценка (п. 6.11.3) | N100: =VLOOKUP($D100,Категории!$A$5:$C$17,2,FALSE()) -> 60
A101: 2 | B101: 96 | C101: Санузел | D101: Санузлы | F101: =IF($E101="",$N101,MAX($N101,INDEX($N$6:$N$225,MATCH($E101,$B$6:$B$225,0)))) -> 55 | G101: =IF($E101="",VLOOKUP($D101,Категории!$A$5:$C$17,3,FALSE()),"п. 21 — по пом. "&$E101) -> п. 28 | H101: =MAX($F101+15,65) -> 70 | I101: Нет — санузлы общественные (кроме служебных для персонала) | J101: — | K101: Речевой | L101: =IF($K101="Звуковой","не требуется (звуковой способ)",IF($F101<=65,"упрощённая оценка (п. 6.11.3)","нужен расчёт (прил. В / ПО изготовителя)")) -> упрощённая оценка (п. 6.11.3) | N101: =VLOOKUP($D101,Категории!$A$5:$C$17,2,FALSE()) -> 55
A102: 2 | B102: 97 | C102: Кладовая | D102: Вспомогательные помещения | F102: =IF($E102="",$N102,MAX($N102,INDEX($N$6:$N$225,MATCH($E102,$B$6:$B$225,0)))) -> 60 | G102: =IF($E102="",VLOOKUP($D102,Категории!$A$5:$C$17,3,FALSE()),"п. 21 — по пом. "&$E102) -> по аналогии с п. 6 | H102: =MAX($F102+15,65) -> 75 | I102: Да — кладовые | J102: Дверь с нормируемым пределом огнестойкости, шумоподавление не менее 30 дБ, доводчик (п. 6.11.4) | K102: Речевой | L102: =IF($K102="Звуковой","не требуется (звуковой способ)",IF($F102<=65,"упрощённая оценка (п. 6.11.3)","нужен расчёт (прил. В / ПО изготовителя)")) -> упрощённая оценка (п. 6.11.3) | N102: =VLOOKUP($D102,Категории!$A$5:$C$17,2,FALSE()) -> 60
...

Sheet Замена на звуковой
A1: Помещения, где речевой способ можно заменить на звуковой (прим. 3 к табл. Б.1 СП 3.13130.2026)
A2: Обязательное условие для любой замены (п. 6.11.4): помещение отделено от помещений с речевым оповещением дверью с нормируемым пределом огнестойкости, шумоподавлением не менее 30 дБ и доводчиком. При обычной двери замена не допускается.
A4: Этаж | B4: № пом. | C4: Назначение | D4: Основание замены | E4: Рекомендация | F4: LAeq, дБА
A5: 1 | B5: 45 | C5: Кладовая | D5: Да — кладовые | E5: Можно при соответствии двери; рекомендуется оставить речевой | F5: =INDEX('Общая таблица'!$F$6:$F$225,MATCH("45",'Общая таблица'!$B$6:$B$225,0)) -> 60
A6: 1 | B6: 58 | C6: Кладовая | D6: Да — кладовые | E6: Можно при соответствии двери; рекомендуется оставить речевой | F6: =INDEX('Общая таблица'!$F$6:$F$225,MATCH("58",'Общая таблица'!$B$6:$B$225,0)) -> 60
A7: 1 | B7: 63 | C7: Холодильная камера | D7: Да — помещения холодильных камер | E7: Звуковой, если дверь отвечает п. 6.11.4 | F7: =INDEX('Общая таблица'!$F$6:$F$225,MATCH("63",'Общая таблица'!$B$6:$B$225,0)) -> 70
A8: 2 | B8: 97 | C8: Кладовая | D8: Да — кладовые | E8: Можно при соответствии двери; рекомендуется оставить речевой | F8: =INDEX('Общая таблица'!$F$6:$F$225,MATCH("97",'Общая таблица'!$B$6:$B$225,0)) -> 60
A9: 2 | B9: 132 | C9: Венткамера | D9: Да — венткамеры | E9: Звуковой (рекомендуется) | F9: =INDEX('Общая таблица'!$F$6:$F$225,MATCH("132",'Общая таблица'!$B$6:$B$225,0)) -> 80
A10: 3 | B10: 152 | C10: Кладовая | D10: Да — кладовые | E10: Можно при соответствии двери; рекомендуется оставить речевой | F10: =INDEX('Общая таблица'!$F$6:$F$225,MATCH("152",'Общая таблица'!$B$6:$B$225,0)) -> 60
A11: 4 | B11: 190 | C11: Кладовая | D11: Да — кладовые | E11: Можно при соответствии двери; рекомендуется оставить речевой | F11: =INDEX('Общая таблица'!$F$6:$F$225,MATCH("190",'Общая таблица'!$B$6:$B$225,0)) -> 60
A12: 1 | B12: 3 | C12: Слесарная | D12: Формально да (производственные помещения), но идут уроки — рекомендуется речевой | E12: Речевой (рекомендуется) | F12: =INDEX('Общая таблица'!$F$6:$F$225,MATCH("3",'Общая таблица'!$B$6:$B$225,0)) -> 80
A13: 1 | B13: 5 | C13: Слесарная | D13: Формально да (производственные помещения), но идут уроки — рекомендуется речевой | E13: Речевой (рекомендуется) | F13: =INDEX('Общая таблица'!$F$6:$F$225,MATCH("5",'Общая таблица'!$B$6:$B$225,0)) -> 80
A14: 1 | B14: 6 | C14: Слесарная | D14: Формально да (производственные помещения), но идут уроки — рекомендуется речевой | E14: Речевой (рекомендуется) | F14: =INDEX('Общая таблица'!$F$6:$F$225,MATCH("6",'Общая таблица'!$B$6:$B$225,0)) -> 80
A15: 1 | B15: 9 | C15: Подсобное | D15: Только если по назначению кладовая или электрощитовая — уточнить | E15: Только с обоснованием / уточнением; рекомендуется оставить речевой | F15: =INDEX('Общая таблица'!$F$6:$F$225,MATCH("9",'Общая таблица'!$B$6:$B$225,0)) -> 60
A16: 1 | B16: 10 | C16: Подсобное | D16: Только если по назначению кладовая или электрощитовая — уточнить | E16: Только с обоснованием / уточнением; рекомендуется оставить речевой | F16: =INDEX('Общая таблица'!$F$6:$F$225,MATCH("10",'Общая таблица'!$B$6:$B$225,0)) -> 60
A17: 1 | B17: 11 | C17: Подсобное | D17: Только если по назначению кладовая или электрощитовая — уточнить | E17: Только с обоснованием / уточнением; рекомендуется оставить речевой | F17: =INDEX('Общая таблица'!$F$6:$F$225,MATCH("11",'Общая таблица'!$B$6:$B$225,0)) -> 60
A18: 1 | B18: 12 | C18: Подсобное | D18: Только если по назначению кладовая или электрощитовая — уточнить | E18: Только с обоснованием / уточнением; рекомендуется оставить речевой | F18: =INDEX('Общая таблица'!$F$6:$F$225,MATCH("12",'Общая таблица'!$B$6:$B$225,0)) -> 60
A19: 1 | B19: 13 | C19: Подсобное | D19: Только если по назначению кладовая или электрощитовая — уточнить | E19: Только с обоснованием / уточнением; рекомендуется оставить речевой | F19: =INDEX('Общая таблица'!$F$6:$F$225,MATCH("13",'Общая таблица'!$B$6:$B$225,0)) -> 60
A20: 1 | B20: 14 | C20: Подсобное | D20: Только если по назначению кладовая или электрощитовая — уточнить | E20: Только с обоснованием / уточнением; рекомендуется оставить речевой | F20: =INDEX('Общая таблица'!$F$6:$F$225,MATCH("14",'Общая таблица'!$B$6:$B$225,0)) -> 60
A21: 1 | B21: 15 | C21: Подсобное | D21: Только если по назначению кладовая или электрощитовая — уточнить | E21: Только с обоснованием / уточнением; рекомендуется оставить речевой | F21: =INDEX('Общая таблица'!$F$6:$F$225,MATCH("15",'Общая таблица'!$B$6:$B$225,0)) -> 60
A22: 1 | B22: 16 | C22: Подсобное | D22: Только если по назначению кладовая или электрощитовая — уточнить | E22: Только с обоснованием / уточнением; рекомендуется оставить речевой | F22: =INDEX('Общая таблица'!$F$6:$F$225,MATCH("16",'Общая таблица'!$B$6:$B$225,0)) -> 60
A23: 1 | B23: 62 | C23: Склад | D23: По аналогии с кладовыми — обосновать в ПЗ | E23: Только с обоснованием / уточнением; рекомендуется оставить речевой | F23: =INDEX('Общая таблица'!$F$6:$F$225,MATCH("62",'Общая таблица'!$B$6:$B$225,0)) -> 60
A24: 1 | B24: 70 | C24: Подсобное | D24: Только если по назначению кладовая или электрощитовая — уточнить | E24: Только с обоснованием / уточнением; рекомендуется оставить речевой | F24: =INDEX('Общая таблица'!$F$6:$F$225,MATCH("70",'Общая таблица'!$B$6:$B$225,0)) -> 60
A25: 1 | B25: 74 | C25: Мастерская | D25: Формально да (производственные помещения), но идут уроки — рекомендуется речевой | E25: Речевой (рекомендуется) | F25: =INDEX('Общая таблица'!$F$6:$F$225,MATCH("74",'Общая таблица'!$B$6:$B$225,0)) -> 80
A26: 1 | B26: 76 | C26: Инструментальная | D26: По аналогии с кладовыми — обосновать в ПЗ | E26: Только с обоснованием / уточнением; рекомендуется оставить речевой | F26: =INDEX('Общая таблица'!$F$6:$F$225,MATCH("76",'Общая таблица'!$B$6:$B$225,0)) -> 60
A27: 1 | B27: 80 | C27: Подсобное | D27: Только если по назначению кладовая или электрощитовая — уточнить | E27: Только с обоснованием / уточнением; рекомендуется оставить речевой | F27: =INDEX('Общая таблица'!$F$6:$F$225,MATCH("80",'Общая таблица'!$B$6:$B$225,0)) -> 60
A28: 2 | B28: 124 | C28: Архив | D28: По аналогии с кладовыми — обосновать в ПЗ | E28: Только с обоснованием / уточнением; рекомендуется оставить речевой | F28: =INDEX('Общая таблица'!$F$6:$F$225,MATCH("124",'Общая таблица'!$B$6:$B$225,0)) -> 60
A29: 2 | B29: 125 | C29: Архив | D29: По аналогии с кладовыми — обосновать в ПЗ | E29: Только с обоснованием / уточнением; рекомендуется оставить речевой | F29: =INDEX('Общая таблица'!$F$6:$F$225,MATCH("125",'Общая таблица'!$B$6:$B$225,0)) -> 60
A30: 2 | B30: 131 | C30: Подсобное | D30: Только если по назначению кладовая или электрощитовая — уточнить | E30: Только с обоснованием / уточнением; рекомендуется оставить речевой | F30: =INDEX('Общая таблица'!$F$6:$F$225,MATCH("131",'Общая таблица'!$B$6:$B$225,0)) -> 60
A31: 2 | B31: 133 | C31: Подсобное | D31: Только если по назначению кладовая или электрощитовая — уточнить | E31: Только с обоснованием / уточнением; рекомендуется оставить речевой | F31: =INDEX('Общая таблица'!$F$6:$F$225,MATCH("133",'Общая таблица'!$B$6:$B$225,0)) -> 60
A32: 2 | B32: 135 | C32: Подсобное | D32: Только если по назначению кладовая или электрощитовая — уточнить | E32: Только с обоснованием / уточнением; рекомендуется оставить речевой | F32: =INDEX('Общая таблица'!$F$6:$F$225,MATCH("135",'Общая таблица'!$B$6:$B$225,0)) -> 60
A33: 2 | B33: 136 | C33: Подсобное | D33: Только если по назначению кладовая или электрощитовая — уточнить | E33: Только с обоснованием / уточнением; рекомендуется оставить речевой | F33: =INDEX('Общая таблица'!$F$6:$F$225,MATCH("136",'Общая таблица'!$B$6:$B$225,0)) -> 60
A35: Нельзя заменить: санузлы (в школе общественные), моечная 64 (пищеблок общественного питания), бойлерная 2 (нет в перечне, шум не выше 85 дБА), классы, кабинеты, залы, коридоры, лестницы.
A36: Пунктов перечня нет в здании: чердаки, технические этажи, помещения с газовым/аэрозольным/порошковым АУП, помещения с шумом выше 85 дБА, электрощитовые, машинные отделения лифтов. Если найдутся — туда тоже можно звуковой.

Sheet Категории
A1: Справочник: УЗД постоянного шума по табл. В.1 СП 3.13130.2026
A2: Синие значения в столбце B можно менять — лист «Общая таблица» пересчитается.
A4: Категория помещений | B4: LAeq, дБА | C4: Позиция табл. В.1 | D4: Обоснование
A5: Учебные помещения | B5: 60 | C5: п. 6 | D5: Классные помещения, учебные кабинеты, учительские, читальные залы библиотек
A6: Вспомогательные помещения | B6: 60 | C6: по аналогии с п. 6 | D6: Подсобные, кладовые, склад, архив, инструментальная, бытовка, приёмная — помещения образовательной организации; в табл. В.1 прямой позиции нет
A7: Медицинские помещения | B7: 50 | C7: п. 5 | D7: Кабинеты врачей медицинских организаций
A8: Санузлы | B8: 55 | C8: п. 28 | D8: Ванные, душевые, санузлы
A9: Спортзал, тир, раздевалки | B9: 65 | C9: п. 18 (тир, раздевалки — по аналогии) | D9: Спортивные залы
A10: Обеденный зал | B10: 65 | C10: п. 12 | D10: Залы кафе, ресторанов
A11: Пищеблок | B11: 70 | C11: по аналогии с п. 26 | D11: Кухни ресторанов и кафе (моечная, холодильная камера)
A12: Многоцелевые залы | B12: 70 | C12: п. 16 | D12: Многоцелевые залы (актовый зал, зал)
A13: Пост охраны | B13: 70 | C13: п. 2 | D13: Рабочие помещения диспетчерских служб с речевой связью по телефону
A14: Учебные мастерские со станками | B14: 80 | C14: по аналогии с п. 4 | D14: Помещения с постоянными рабочими местами производственных предприятий; станки учтены как постоянный шум (п. 6.8.7). При автоматическом отключении станков по сигналу «Пожар» не более чем за 60 с принять 60 дБА
A15: Бойлерная | B15: 80 | C15: п. 24 | D15: Помещения компрессорных и насосных (постоянно или попеременно работающих)
A16: Венткамера | B16: 80 | C16: п. 23 | D16: Помещения для вентмашин
A17: Коммуникационные пространства | B17: 60 | C17: п. 21 | D17: Коридоры, лестничные клетки, тамбуры: по уровню шума в помещениях, имеющих прямое сообщение. По умолчанию — учебные помещения (60); если рядом более шумное помещение — по нему (столбец E)

Sheet Пояснения
A1: Пояснения к общей таблице
A3: Источник
A4: СП 3.13130.2026 (введён с 01.06.2026), приложение В, п. В.2.1 и таблица В.1. УЗД постоянного шума принимается по измерениям или по справочным данным табл. В.1; по заданию на проектирование значения можно корректировать в большую сторону.
A5: Примечание 2 к табл. В.1: фактический УЗД постоянного шума уточняется при вводе системы в эксплуатацию.
A6: П. 6.8.6: уровни постоянного шума должны быть отражены в проектной документации.
A8: Как выбраны значения
A9: 1. Где назначение помещения прямо есть в табл. В.1 — взята эта позиция.
A10: 2. Где прямой позиции нет — ближайшая по смыслу; в спорных случаях выбиралось большее значение (это допускает п. В.2.1).
A11: 3. Коридоры, лестничные клетки, тамбуры (п. 21) — по шуму в смежных помещениях: по умолчанию 60 дБА (учебные помещения); если в коридор выходит более шумное помещение — по нему (лист «Общая таблица», столбец E). Смежность определена по планам листов 6–9.
A12: 4. Мастерские и слесарные приняты 80 дБА: станки считаются постоянным шумом, если их нельзя автоматически остановить при пожаре за 60 с (п. 6.8.7). Если в проект добавить отключение станков по сигналу «Пожар», на листе «Категории» поменять 80 на 60 — мастерские и коридоры 7, 75, 79, 81, 84, 85 пересчитаются. Коридор 4 останется 80 (смежная бойлерная).
A14: Что следует из уровня шума
A15: П. 6.8.2: сигнал оповещения должен превышать постоянный шум не менее чем на 15 дБ и быть не ниже 65 дБА в любой точке на высоте 1,5 м (столбец H общей таблицы).
... A32: Принято: звуковой — венткамера 132 и холодильная камера 63 (при соответствии двери). В остальных помещениях речевой: замена потребовала бы противопожарных дверей и отдельной линии питания 24 В для звуковых оповещателей.
