Workbook

Sheet Уровни шума
A1: Уровни постоянного шума в помещениях (СП 3.13130.2026, прил. В, табл. В.1)
A2: Объект: МБОУ ЦО № 69, Уфа, ул. Даута Юлтыя, 6. Шифр 1417/2026-АПС, СОУЭ
A3: Синие ячейки (D, E) — исходные данные. Остальное — формулы. Уровни по категориям меняются на листе «Категории».
A5: Этаж | B5: № пом. | C5: Назначение (по экспликации) | D5: Категория (табл. В.1) | E5: Определяющее смежное пом. (для коридоров) | F5: LAeq постоянного шума, дБА | G5: Основание (табл. В.1) | H5: Мин. УЗД сигнала оповещения, дБА (п. 6.8.2) | I5: Разборчивость речи (п. 6.11) | J5: Примечание | K5: Уровень по категории, дБА
A6: 1 | B6: 1 | C6: Тир | D6: Спортзал, тир, раздевалки | F6: =IF($E6="",$K6,MAX($K6,INDEX($K$6:$K$225,MATCH($E6,$B$6:$B$225,0)))) -> 65 | G6: =IF($E6="",VLOOKUP($D6,Категории!$A$5:$C$17,3,FALSE()),"п. 21 — по пом. "&$E6) -> п. 18 (тир, раздевалки — по аналогии) | H6: =MAX($F6+15,65) -> 80 | I6: =IF($F6<=65,"упрощённая оценка (п. 6.11.3)","нужен расчёт (прил. В / ПО изготовителя)") -> упрощённая оценка (п. 6.11.3) | J6: Если стрельба ведётся в средствах защиты слуха — дополнительно световой способ (п. 6.2.9) | K6: =VLOOKUP($D6,Категории!$A$5:$C$17,2,FALSE()) -> 65
A7: 1 | B7: 2 | C7: Бойлерная | D7: Бойлерная | F7: =IF($E7="",$K7,MAX($K7,INDEX($K$6:$K$225,MATCH($E7,$B$6:$B$225,0)))) -> 80 | G7: =IF($E7="",VLOOKUP($D7,Категории!$A$5:$C$17,3,FALSE()),"п. 21 — по пом. "&$E7) -> п. 24 | H7: =MAX($F7+15,65) -> 95 | I7: =IF($F7<=65,"упрощённая оценка (п. 6.11.3)","нужен расчёт (прил. В / ПО изготовителя)") -> нужен расчёт (прил. В / ПО изготовителя) | J7: Насосы отопления | K7: =VLOOKUP($D7,Категории!$A$5:$C$17,2,FALSE()) -> 80
A8: 1 | B8: 3 | C8: Слесарная | D8: Учебные мастерские со станками | F8: =IF($E8="",$K8,MAX($K8,INDEX($K$6:$K$225,MATCH($E8,$B$6:$B$225,0)))) -> 80 | G8: =IF($E8="",VLOOKUP($D8,Категории!$A$5:$C$17,3,FALSE()),"п. 21 — по пом. "&$E8) -> по аналогии с п. 4 | H8: =MAX($F8+15,65) -> 95 | I8: =IF($F8<=65,"упрощённая оценка (п. 6.11.3)","нужен расчёт (прил. В / ПО изготовителя)") -> нужен расчёт (прил. В / ПО изготовителя) | J8: См. категорию: 60 дБА при автоматическом отключении станков (п. 6.8.7) | K8: =VLOOKUP($D8,Категории!$A$5:$C$17,2,FALSE()) -> 80
A9: 1 | B9: 4 | C9: Коридор | D9: Коммуникационные пространства | E9: 2 | F9: =IF($E9="",$K9,MAX($K9,INDEX($K$6:$K$225,MATCH($E9,$B$6:$B$225,0)))) -> 80 | G9: =IF($E9="",VLOOKUP($D9,Категории!$A$5:$C$17,3,FALSE()),"п. 21 — по пом. "&$E9) -> п. 21 — по пом. 2 | H9: =MAX($F9+15,65) -> 95 | I9: =IF($F9<=65,"упрощённая оценка (п. 6.11.3)","нужен расчёт (прил. В / ПО изготовителя)") -> нужен расчёт (прил. В / ПО изготовителя) | J9: Смежные: 2 бойлерная, 3 слесарная | K9: =VLOOKUP($D9,Категории!$A$5:$C$17,2,FALSE()) -> 60
A10: 1 | B10: 5 | C10: Слесарная | D10: Учебные мастерские со станками | F10: =IF($E10="",$K10,MAX($K10,INDEX($K$6:$K$225,MATCH($E10,$B$6:$B$225,0)))) -> 80 | G10: =IF($E10="",VLOOKUP($D10,Категории!$A$5:$C$17,3,FALSE()),"п. 21 — по пом. "&$E10) -> по аналогии с п. 4 | H10: =MAX($F10+15,65) -> 95 | I10: =IF($F10<=65,"упрощённая оценка (п. 6.11.3)","нужен расчёт (прил. В / ПО изготовителя)") -> нужен расчёт (прил. В / ПО изготовителя) | J10: См. категорию: 60 дБА при автоматическом отключении станков (п. 6.8.7) | K10: =VLOOKUP($D10,Категории!$A$5:$C$17,2,FALSE()) -> 80
A11: 1 | B11: 6 | C11: Слесарная | D11: Учебные мастерские со станками | F11: =IF($E11="",$K11,MAX($K11,INDEX($K$6:$K$225,MATCH($E11,$B$6:$B$225,0)))) -> 80 | G11: =IF($E11="",VLOOKUP($D11,Категории!$A$5:$C$17,3,FALSE()),"п. 21 — по пом. "&$E11) -> по аналогии с п. 4 | H11: =MAX($F11+15,65) -> 95 | I11: =IF($F11<=65,"упрощённая оценка (п. 6.11.3)","нужен расчёт (прил. В / ПО изготовителя)") -> нужен расчёт (прил. В / ПО изготовителя) | J11: См. категорию: 60 дБА при автоматическом отключении станков (п. 6.8.7) | K11: =VLOOKUP($D11,Категории!$A$5:$C$17,2,FALSE()) -> 80
A12: 1 | B12: 7 | C12: Коридор | D12: Коммуникационные пространства | E12: 6 | F12: =IF($E12="",$K12,MAX($K12,INDEX($K$6:$K$225,MATCH($E12,$B$6:$B$225,0)))) -> 80 | G12: =IF($E12="",VLOOKUP($D12,Категории!$A$5:$C$17,3,FALSE()),"п. 21 — по пом. "&$E12) -> п. 21 — по пом. 6 | H12: =MAX($F12+15,65) -> 95 | I12: =IF($F12<=65,"упрощённая оценка (п. 6.11.3)","нужен расчёт (прил. В / ПО изготовителя)") -> нужен расчёт (прил. В / ПО изготовителя) | J12: Смежная: 6 слесарная | K12: =VLOOKUP($D12,Категории!$A$5:$C$17,2,FALSE()) -> 60
A13: 1 | B13: 8 | C13: Лестничная клетка | D13: Коммуникационные пространства | F13: =IF($E13="",$K13,MAX($K13,INDEX($K$6:$K$225,MATCH($E13,$B$6:$B$225,0)))) -> 60 | G13: =IF($E13="",VLOOKUP($D13,Категории!$A$5:$C$17,3,FALSE()),"п. 21 — по пом. "&$E13) -> п. 21 | H13: =MAX($F13+15,65) -> 75 | I13: =IF($F13<=65,"упрощённая оценка (п. 6.11.3)","нужен расчёт (прил. В / ПО изготовителя)") -> упрощённая оценка (п. 6.11.3) | K13: =VLOOKUP($D13,Категории!$A$5:$C$17,2,FALSE()) -> 60
A14: 1 | B14: 9 | C14: Подсобное | D14: Вспомогательные помещения | F14: =IF($E14="",$K14,MAX($K14,INDEX($K$6:$K$225,MATCH($E14,$B$6:$B$225,0)))) -> 60 | G14: =IF($E14="",VLOOKUP($D14,Категории!$A$5:$C$17,3,FALSE()),"п. 21 — по пом. "&$E14) -> по аналогии с п. 6 | H14: =MAX($F14+15,65) -> 75 | I14: =IF($F14<=65,"упрощённая оценка (п. 6.11.3)","нужен расчёт (прил. В / ПО изготовителя)") -> упрощённая оценка (п. 6.11.3) | K14: =VLOOKUP($D14,Категории!$A$5:$C$17,2,FALSE()) -> 60
A15: 1 | B15: 10 | C15: Подсобное | D15: Вспомогательные помещения | F15: =IF($E15="",$K15,MAX($K15,INDEX($K$6:$K$225,MATCH($E15,$B$6:$B$225,0)))) -> 60 | G15: =IF($E15="",VLOOKUP($D15,Категории!$A$5:$C$17,3,FALSE()),"п. 21 — по пом. "&$E15) -> по аналогии с п. 6 | H15: =MAX($F15+15,65) -> 75 | I15: =IF($F15<=65,"упрощённая оценка (п. 6.11.3)","нужен расчёт (прил. В / ПО изготовителя)") -> упрощённая оценка (п. 6.11.3) | K15: =VLOOKUP($D15,Категории!$A$5:$C$17,2,FALSE()) -> 60
A16: 1 | B16: 11 | C16: Подсобное | D16: Вспомогательные помещения | F16: =IF($E16="",$K16,MAX($K16,INDEX($K$6:$K$225,MATCH($E16,$B$6:$B$225,0)))) -> 60 | G16: =IF($E16="",VLOOKUP($D16,Категории!$A$5:$C$17,3,FALSE()),"п. 21 — по пом. "&$E16) -> по аналогии с п. 6 | H16: =MAX($F16+15,65) -> 75 | I16: =IF($F16<=65,"упрощённая оценка (п. 6.11.3)","нужен расчёт (прил. В / ПО изготовителя)") -> упрощённая оценка (п. 6.11.3) | K16: =VLOOKUP($D16,Категории!$A$5:$C$17,2,FALSE()) -> 60
A17: 1 | B17: 12 | C17: Подсобное | D17: Вспомогательные помещения | F17: =IF($E17="",$K17,MAX($K17,INDEX($K$6:$K$225,MATCH($E17,$B$6:$B$225,0)))) -> 60 | G17: =IF($E17="",VLOOKUP($D17,Категории!$A$5:$C$17,3,FALSE()),"п. 21 — по пом. "&$E17) -> по аналогии с п. 6 | H17: =MAX($F17+15,65) -> 75 | I17: =IF($F17<=65,"упрощённая оценка (п. 6.11.3)","нужен расчёт (прил. В / ПО изготовителя)") -> упрощённая оценка (п. 6.11.3) | K17: =VLOOKUP($D17,Категории!$A$5:$C$17,2,FALSE()) -> 60
A18: 1 | B18: 13 | C18: Подсобное | D18: Вспомогательные помещения | F18: =IF($E18="",$K18,MAX($K18,INDEX($K$6:$K$225,MATCH($E18,$B$6:$B$225,0)))) -> 60 | G18: =IF($E18="",VLOOKUP($D18,Категории!$A$5:$C$17,3,FALSE()),"п. 21 — по пом. "&$E18) -> по аналогии с п. 6 | H18: =MAX($F18+15,65) -> 75 | I18: =IF($F18<=65,"упрощённая оценка (п. 6.11.3)","нужен расчёт (прил. В / ПО изготовителя)") -> упрощённая оценка (п. 6.11.3) | K18: =VLOOKUP($D18,Категории!$A$5:$C$17,2,FALSE()) -> 60
A19: 1 | B19: 14 | C19: Подсобное | D19: Вспомогательные помещения | F19: =IF($E19="",$K19,MAX($K19,INDEX($K$6:$K$225,MATCH($E19,$B$6:$B$225,0)))) -> 60 | G19: =IF($E19="",VLOOKUP($D19,Категории!$A$5:$C$17,3,FALSE()),"п. 21 — по пом. "&$E19) -> по аналогии с п. 6 | H19: =MAX($F19+15,65) -> 75 | I19: =IF($F19<=65,"упрощённая оценка (п. 6.11.3)","нужен расчёт (прил. В / ПО изготовителя)") -> упрощённая оценка (п. 6.11.3) | K19: =VLOOKUP($D19,Категории!$A$5:$C$17,2,FALSE()) -> 60
A20: 1 | B20: 15 | C20: Подсобное | D20: Вспомогательные помещения | F20: =IF($E20="",$K20,MAX($K20,INDEX($K$6:$K$225,MATCH($E20,$B$6:$B$225,0)))) -> 60 | G20: =IF($E20="",VLOOKUP($D20,Категории!$A$5:$C$17,3,FALSE()),"п. 21 — по пом. "&$E20) -> по аналогии с п. 6 | H20: =MAX($F20+15,65) -> 75 | I20: =IF($F20<=65,"упрощённая оценка (п. 6.11.3)","нужен расчёт (прил. В / ПО изготовителя)") -> упрощённая оценка (п. 6.11.3) | K20: =VLOOKUP($D20,Категории!$A$5:$C$17,2,FALSE()) -> 60
A21: 1 | B21: 16 | C21: Подсобное | D21: Вспомогательные помещения | F21: =IF($E21="",$K21,MAX($K21,INDEX($K$6:$K$225,MATCH($E21,$B$6:$B$225,0)))) -> 60 | G21: =IF($E21="",VLOOKUP($D21,Категории!$A$5:$C$17,3,FALSE()),"п. 21 — по пом. "&$E21) -> по аналогии с п. 6 | H21: =MAX($F21+15,65) -> 75 | I21: =IF($F21<=65,"упрощённая оценка (п. 6.11.3)","нужен расчёт (прил. В / ПО изготовителя)") -> упрощённая оценка (п. 6.11.3) | K21: =VLOOKUP($D21,Категории!$A$5:$C$17,2,FALSE()) -> 60
A22: 1 | B22: 17 | C22: Коридор | D22: Коммуникационные пространства | F22: =IF($E22="",$K22,MAX($K22,INDEX($K$6:$K$225,MATCH($E22,$B$6:$B$225,0)))) -> 60 | G22: =IF($E22="",VLOOKUP($D22,Категории!$A$5:$C$17,3,FALSE()),"п. 21 — по пом. "&$E22) -> п. 21 | H22: =MAX($F22+15,65) -> 75 | I22: =IF($F22<=65,"упрощённая оценка (п. 6.11.3)","нужен расчёт (прил. В / ПО изготовителя)") -> упрощённая оценка (п. 6.11.3) | K22: =VLOOKUP($D22,Категории!$A$5:$C$17,2,FALSE()) -> 60
A23: 1 | B23: 18 | C23: Кабинет | D23: Учебные помещения | F23: =IF($E23="",$K23,MAX($K23,INDEX($K$6:$K$225,MATCH($E23,$B$6:$B$225,0)))) -> 60 | G23: =IF($E23="",VLOOKUP($D23,Категории!$A$5:$C$17,3,FALSE()),"п. 21 — по пом. "&$E23) -> п. 6 | H23: =MAX($F23+15,65) -> 75 | I23: =IF($F23<=65,"упрощённая оценка (п. 6.11.3)","нужен расчёт (прил. В / ПО изготовителя)") -> упрощённая оценка (п. 6.11.3) | K23: =VLOOKUP($D23,Категории!$A$5:$C$17,2,FALSE()) -> 60
A24: 1 | B24: 19 | C24: Кабинет | D24: Учебные помещения | F24: =IF($E24="",$K24,MAX($K24,INDEX($K$6:$K$225,MATCH($E24,$B$6:$B$225,0)))) -> 60 | G24: =IF($E24="",VLOOKUP($D24,Категории!$A$5:$C$17,3,FALSE()),"п. 21 — по пом. "&$E24) -> п. 6 | H24: =MAX($F24+15,65) -> 75 | I24: =IF($F24<=65,"упрощённая оценка (п. 6.11.3)","нужен расчёт (прил. В / ПО изготовителя)") -> упрощённая оценка (п. 6.11.3) | K24: =VLOOKUP($D24,Категории!$A$5:$C$17,2,FALSE()) -> 60
... A26: 1 | B26: 21 | C26: Кабинет | D26: Учебные помещения | F26: =IF($E26="",$K26,MAX($K26,INDEX($K$6:$K$225,MATCH($E26,$B$6:$B$225,0)))) -> 60 | G26: =IF($E26="",VLOOKUP($D26,Категории!$A$5:$C$17,3,FALSE()),"п. 21 — по пом. "&$E26) -> п. 6 | H26: =MAX($F26+15,65) -> 75 | I26: =IF($F26<=65,"упрощённая оценка (п. 6.11.3)","нужен расчёт (прил. В / ПО изготовителя)") -> упрощённая оценка (п. 6.11.3) | K26: =VLOOKUP($D26,Категории!$A$5:$C$17,2,FALSE()) -> 60
A27: 1 | B27: 22 | C27: Коридор | D27: Коммуникационные пространства | E27: 1 | F27: =IF($E27="",$K27,MAX($K27,INDEX($K$6:$K$225,MATCH($E27,$B$6:$B$225,0)))) -> 65 | G27: =IF($E27="",VLOOKUP($D27,Категории!$A$5:$C$17,3,FALSE()),"п. 21 — по пом. "&$E27) -> п. 21 — по пом. 1 | H27: =MAX($F27+15,65) -> 80 | I27: =IF($F27<=65,"упрощённая оценка (п. 6.11.3)","нужен расчёт (прил. В / ПО изготовителя)") -> упрощённая оценка (п. 6.11.3) | J27: Смежный: 1 тир | K27: =VLOOKUP($D27,Категории!$A$5:$C$17,2,FALSE()) -> 60
A28: 1 | B28: 23 | C28: Коридор | D28: Коммуникационные пространства | F28: =IF($E28="",$K28,MAX($K28,INDEX($K$6:$K$225,MATCH($E28,$B$6:$B$225,0)))) -> 60 | G28: =IF($E28="",VLOOKUP($D28,Категории!$A$5:$C$17,3,FALSE()),"п. 21 — по пом. "&$E28) -> п. 21 | H28: =MAX($F28+15,65) -> 75 | I28: =IF($F28<=65,"упрощённая оценка (п. 6.11.3)","нужен расчёт (прил. В / ПО изготовителя)") -> упрощённая оценка (п. 6.11.3) | K28: =VLOOKUP($D28,Категории!$A$5:$C$17,2,FALSE()) -> 60
A29: 1 | B29: 24 | C29: Кабинет | D29: Учебные помещения | F29: =IF($E29="",$K29,MAX($K29,INDEX($K$6:$K$225,MATCH($E29,$B$6:$B$225,0)))) -> 60 | G29: =IF($E29="",VLOOKUP($D29,Категории!$A$5:$C$17,3,FALSE()),"п. 21 — по пом. "&$E29) -> п. 6 | H29: =MAX($F29+15,65) -> 75 | I29: =IF($F29<=65,"упрощённая оценка (п. 6.11.3)","нужен расчёт (прил. В / ПО изготовителя)") -> упрощённая оценка (п. 6.11.3) | K29: =VLOOKUP($D29,Категории!$A$5:$C$17,2,FALSE()) -> 60
A30: 1 | B30: 25 | C30: Кабинет | D30: Учебные помещения | F30: =IF($E30="",$K30,MAX($K30,INDEX($K$6:$K$225,MATCH($E30,$B$6:$B$225,0)))) -> 60 | G30: =IF($E30="",VLOOKUP($D30,Категории!$A$5:$C$17,3,FALSE()),"п. 21 — по пом. "&$E30) -> п. 6 | H30: =MAX($F30+15,65) -> 75 | I30: =IF($F30<=65,"упрощённая оценка (п. 6.11.3)","нужен расчёт (прил. В / ПО изготовителя)") -> упрощённая оценка (п. 6.11.3) | K30: =VLOOKUP($D30,Категории!$A$5:$C$17,2,FALSE()) -> 60
A31: 1 | B31: 26 | C31: Кабинет | D31: Учебные помещения | F31: =IF($E31="",$K31,MAX($K31,INDEX($K$6:$K$225,MATCH($E31,$B$6:$B$225,0)))) -> 60 | G31: =IF($E31="",VLOOKUP($D31,Категории!$A$5:$C$17,3,FALSE()),"п. 21 — по пом. "&$E31) -> п. 6 | H31: =MAX($F31+15,65) -> 75 | I31: =IF($F31<=65,"упрощённая оценка (п. 6.11.3)","нужен расчёт (прил. В / ПО изготовителя)") -> упрощённая оценка (п. 6.11.3) | K31: =VLOOKUP($D31,Категории!$A$5:$C$17,2,FALSE()) -> 60
A32: 1 | B32: 27 | C32: Кабинет | D32: Учебные помещения | F32: =IF($E32="",$K32,MAX($K32,INDEX($K$6:$K$225,MATCH($E32,$B$6:$B$225,0)))) -> 60 | G32: =IF($E32="",VLOOKUP($D32,Категории!$A$5:$C$17,3,FALSE()),"п. 21 — по пом. "&$E32) -> п. 6 | H32: =MAX($F32+15,65) -> 75 | I32: =IF($F32<=65,"упрощённая оценка (п. 6.11.3)","нужен расчёт (прил. В / ПО изготовителя)") -> упрощённая оценка (п. 6.11.3) | K32: =VLOOKUP($D32,Категории!$A$5:$C$17,2,FALSE()) -> 60
A33: 1 | B33: 28 | C33: Коридор | D33: Коммуникационные пространства | F33: =IF($E33="",$K33,MAX($K33,INDEX($K$6:$K$225,MATCH($E33,$B$6:$B$225,0)))) -> 60 | G33: =IF($E33="",VLOOKUP($D33,Категории!$A$5:$C$17,3,FALSE()),"п. 21 — по пом. "&$E33) -> п. 21 | H33: =MAX($F33+15,65) -> 75 | I33: =IF($F33<=65,"упрощённая оценка (п. 6.11.3)","нужен расчёт (прил. В / ПО изготовителя)") -> упрощённая оценка (п. 6.11.3) | K33: =VLOOKUP($D33,Категории!$A$5:$C$17,2,FALSE()) -> 60
A34: 1 | B34: 29 | C34: Класс | D34: Учебные помещения | F34: =IF($E34="",$K34,MAX($K34,INDEX($K$6:$K$225,MATCH($E34,$B$6:$B$225,0)))) -> 60 | G34: =IF($E34="",VLOOKUP($D34,Категории!$A$5:$C$17,3,FALSE()),"п. 21 — по пом. "&$E34) -> п. 6 | H34: =MAX($F34+15,65) -> 75 | I34: =IF($F34<=65,"упрощённая оценка (п. 6.11.3)","нужен расчёт (прил. В / ПО изготовителя)") -> упрощённая оценка (п. 6.11.3) | K34: =VLOOKUP($D34,Категории!$A$5:$C$17,2,FALSE()) -> 60
A35: 1 | B35: 30 | C35: Зал | D35: Многоцелевые залы | F35: =IF($E35="",$K35,MAX($K35,INDEX($K$6:$K$225,MATCH($E35,$B$6:$B$225,0)))) -> 70 | G35: =IF($E35="",VLOOKUP($D35,Категории!$A$5:$C$17,3,FALSE()),"п. 21 — по пом. "&$E35) -> п. 16 | H35: =MAX($F35+15,65) -> 85 | I35: =IF($F35<=65,"упрощённая оценка (п. 6.11.3)","нужен расчёт (прил. В / ПО изготовителя)") -> нужен расчёт (прил. В / ПО изготовителя) | J35: Назначение уточнить; принят как многоцелевой зал | K35: =VLOOKUP($D35,Категории!$A$5:$C$17,2,FALSE()) -> 70
A36: 1 | B36: 31 | C36: Комната охраны | D36: Пост охраны | F36: =IF($E36="",$K36,MAX($K36,INDEX($K$6:$K$225,MATCH($E36,$B$6:$B$225,0)))) -> 70 | G36: =IF($E36="",VLOOKUP($D36,Категории!$A$5:$C$17,3,FALSE()),"п. 21 — по пом. "&$E36) -> п. 2 | H36: =MAX($F36+15,65) -> 85 | I36: =IF($F36<=65,"упрощённая оценка (п. 6.11.3)","нужен расчёт (прил. В / ПО изготовителя)") -> нужен расчёт (прил. В / ПО изготовителя) | J36: Пожарный пост, аварийный микрофон | K36: =VLOOKUP($D36,Категории!$A$5:$C$17,2,FALSE()) -> 70
A37: 1 | B37: 32 | C37: Коридор | D37: Коммуникационные пространства | E37: 30 | F37: =IF($E37="",$K37,MAX($K37,INDEX($K$6:$K$225,MATCH($E37,$B$6:$B$225,0)))) -> 70 | G37: =IF($E37="",VLOOKUP($D37,Категории!$A$5:$C$17,3,FALSE()),"п. 21 — по пом. "&$E37) -> п. 21 — по пом. 30 | H37: =MAX($F37+15,65) -> 85 | I37: =IF($F37<=65,"упрощённая оценка (п. 6.11.3)","нужен расчёт (прил. В / ПО изготовителя)") -> нужен расчёт (прил. В / ПО изготовителя) | J37: Смежные: 30 зал, 31 комната охраны | K37: =VLOOKUP($D37,Категории!$A$5:$C$17,2,FALSE()) -> 60
A38: 1 | B38: 33 | C38: Тамбур | D38: Коммуникационные пространства | F38: =IF($E38="",$K38,MAX($K38,INDEX($K$6:$K$225,MATCH($E38,$B$6:$B$225,0)))) -> 60 | G38: =IF($E38="",VLOOKUP($D38,Категории!$A$5:$C$17,3,FALSE()),"п. 21 — по пом. "&$E38) -> п. 21 | H38: =MAX($F38+15,65) -> 75 | I38: =IF($F38<=65,"упрощённая оценка (п. 6.11.3)","нужен расчёт (прил. В / ПО изготовителя)") -> упрощённая оценка (п. 6.11.3) | J38: При площади менее 4 м² оповещение можно не предусматривать (п. 6.1.3) | K38: =VLOOKUP($D38,Категории!$A$5:$C$17,2,FALSE()) -> 60
A39: 1 | B39: 34 | C39: Коридор | D39: Коммуникационные пространства | F39: =IF($E39="",$K39,MAX($K39,INDEX($K$6:$K$225,MATCH($E39,$B$6:$B$225,0)))) -> 60 | G39: =IF($E39="",VLOOKUP($D39,Категории!$A$5:$C$17,3,FALSE()),"п. 21 — по пом. "&$E39) -> п. 21 | H39: =MAX($F39+15,65) -> 75 | I39: =IF($F39<=65,"упрощённая оценка (п. 6.11.3)","нужен расчёт (прил. В / ПО изготовителя)") -> упрощённая оценка (п. 6.11.3) | K39: =VLOOKUP($D39,Категории!$A$5:$C$17,2,FALSE()) -> 60
A40: 1 | B40: 36 | C40: Раздевалка | D40: Спортзал, тир, раздевалки | F40: =IF($E40="",$K40,MAX($K40,INDEX($K$6:$K$225,MATCH($E40,$B$6:$B$225,0)))) -> 65 | G40: =IF($E40="",VLOOKUP($D40,Категории!$A$5:$C$17,3,FALSE()),"п. 21 — по пом. "&$E40) -> п. 18 (тир, раздевалки — по аналогии) | H40: =MAX($F40+15,65) -> 80 | I40: =IF($F40<=65,"упрощённая оценка (п. 6.11.3)","нужен расчёт (прил. В / ПО изготовителя)") -> упрощённая оценка (п. 6.11.3) | K40: =VLOOKUP($D40,Категории!$A$5:$C$17,2,FALSE()) -> 65
A41: 1 | B41: 37 | C41: Лестничная клетка | D41: Коммуникационные пространства | F41: =IF($E41="",$K41,MAX($K41,INDEX($K$6:$K$225,MATCH($E41,$B$6:$B$225,0)))) -> 60 | G41: =IF($E41="",VLOOKUP($D41,Категории!$A$5:$C$17,3,FALSE()),"п. 21 — по пом. "&$E41) -> п. 21 | H41: =MAX($F41+15,65) -> 75 | I41: =IF($F41<=65,"упрощённая оценка (п. 6.11.3)","нужен расчёт (прил. В / ПО изготовителя)") -> упрощённая оценка (п. 6.11.3) | K41: =VLOOKUP($D41,Категории!$A$5:$C$17,2,FALSE()) -> 60
A42: 1 | B42: 38 | C42: Коридор | D42: Коммуникационные пространства | E42: 36 | F42: =IF($E42="",$K42,MAX($K42,INDEX($K$6:$K$225,MATCH($E42,$B$6:$B$225,0)))) -> 65 | G42: =IF($E42="",VLOOKUP($D42,Категории!$A$5:$C$17,3,FALSE()),"п. 21 — по пом. "&$E42) -> п. 21 — по пом. 36 | H42: =MAX($F42+15,65) -> 80 | I42: =IF($F42<=65,"упрощённая оценка (п. 6.11.3)","нужен расчёт (прил. В / ПО изготовителя)") -> упрощённая оценка (п. 6.11.3) | J42: Смежная: 36 раздевалка | K42: =VLOOKUP($D42,Категории!$A$5:$C$17,2,FALSE()) -> 60
A43: 1 | B43: 39 | C43: Коридор | D43: Коммуникационные пространства | F43: =IF($E43="",$K43,MAX($K43,INDEX($K$6:$K$225,MATCH($E43,$B$6:$B$225,0)))) -> 60 | G43: =IF($E43="",VLOOKUP($D43,Категории!$A$5:$C$17,3,FALSE()),"п. 21 — по пом. "&$E43) -> п. 21 | H43: =MAX($F43+15,65) -> 75 | I43: =IF($F43<=65,"упрощённая оценка (п. 6.11.3)","нужен расчёт (прил. В / ПО изготовителя)") -> упрощённая оценка (п. 6.11.3) | K43: =VLOOKUP($D43,Категории!$A$5:$C$17,2,FALSE()) -> 60
A44: 1 | B44: 40 | C44: Коридор | D44: Коммуникационные пространства | F44: =IF($E44="",$K44,MAX($K44,INDEX($K$6:$K$225,MATCH($E44,$B$6:$B$225,0)))) -> 60 | G44: =IF($E44="",VLOOKUP($D44,Категории!$A$5:$C$17,3,FALSE()),"п. 21 — по пом. "&$E44) -> п. 21 | H44: =MAX($F44+15,65) -> 75 | I44: =IF($F44<=65,"упрощённая оценка (п. 6.11.3)","нужен расчёт (прил. В / ПО изготовителя)") -> упрощённая оценка (п. 6.11.3) | K44: =VLOOKUP($D44,Категории!$A$5:$C$17,2,FALSE()) -> 60
A45: 1 | B45: 41 | C45: Коридор | D45: Коммуникационные пространства | F45: =IF($E45="",$K45,MAX($K45,INDEX($K$6:$K$225,MATCH($E45,$B$6:$B$225,0)))) -> 60 | G45: =IF($E45="",VLOOKUP($D45,Категории!$A$5:$C$17,3,FALSE()),"п. 21 — по пом. "&$E45) -> п. 21 | H45: =MAX($F45+15,65) -> 75 | I45: =IF($F45<=65,"упрощённая оценка (п. 6.11.3)","нужен расчёт (прил. В / ПО изготовителя)") -> упрощённая оценка (п. 6.11.3) | K45: =VLOOKUP($D45,Категории!$A$5:$C$17,2,FALSE()) -> 60
A46: 1 | B46: 42 | C46: Коридор | D46: Коммуникационные пространства | F46: =IF($E46="",$K46,MAX($K46,INDEX($K$6:$K$225,MATCH($E46,$B$6:$B$225,0)))) -> 60 | G46: =IF($E46="",VLOOKUP($D46,Категории!$A$5:$C$17,3,FALSE()),"п. 21 — по пом. "&$E46) -> п. 21 | H46: =MAX($F46+15,65) -> 75 | I46: =IF($F46<=65,"упрощённая оценка (п. 6.11.3)","нужен расчёт (прил. В / ПО изготовителя)") -> упрощённая оценка (п. 6.11.3) | K46: =VLOOKUP($D46,Категории!$A$5:$C$17,2,FALSE()) -> 60
A47: 1 | B47: 43 | C47: Бытовка | D47: Вспомогательные помещения | F47: =IF($E47="",$K47,MAX($K47,INDEX($K$6:$K$225,MATCH($E47,$B$6:$B$225,0)))) -> 60 | G47: =IF($E47="",VLOOKUP($D47,Категории!$A$5:$C$17,3,FALSE()),"п. 21 — по пом. "&$E47) -> по аналогии с п. 6 | H47: =MAX($F47+15,65) -> 75 | I47: =IF($F47<=65,"упрощённая оценка (п. 6.11.3)","нужен расчёт (прил. В / ПО изготовителя)") -> упрощённая оценка (п. 6.11.3) | K47: =VLOOKUP($D47,Категории!$A$5:$C$17,2,FALSE()) -> 60
A48: 1 | B48: 44 | C48: Спортзал | D48: Спортзал, тир, раздевалки | F48: =IF($E48="",$K48,MAX($K48,INDEX($K$6:$K$225,MATCH($E48,$B$6:$B$225,0)))) -> 65 | G48: =IF($E48="",VLOOKUP($D48,Категории!$A$5:$C$17,3,FALSE()),"п. 21 — по пом. "&$E48) -> п. 18 (тир, раздевалки — по аналогии) | H48: =MAX($F48+15,65) -> 80 | I48: =IF($F48<=65,"упрощённая оценка (п. 6.11.3)","нужен расчёт (прил. В / ПО изготовителя)") -> упрощённая оценка (п. 6.11.3) | K48: =VLOOKUP($D48,Категории!$A$5:$C$17,2,FALSE()) -> 65
A49: 1 | B49: 45 | C49: Кладовая | D49: Вспомогательные помещения | F49: =IF($E49="",$K49,MAX($K49,INDEX($K$6:$K$225,MATCH($E49,$B$6:$B$225,0)))) -> 60 | G49: =IF($E49="",VLOOKUP($D49,Категории!$A$5:$C$17,3,FALSE()),"п. 21 — по пом. "&$E49) -> по аналогии с п. 6 | H49: =MAX($F49+15,65) -> 75 | I49: =IF($F49<=65,"упрощённая оценка (п. 6.11.3)","нужен расчёт (прил. В / ПО изготовителя)") -> упрощённая оценка (п. 6.11.3) | K49: =VLOOKUP($D49,Категории!$A$5:$C$17,2,FALSE()) -> 60
A50: 1 | B50: 46 | C50: Коридор | D50: Коммуникационные пространства | E50: 66 | F50: =IF($E50="",$K50,MAX($K50,INDEX($K$6:$K$225,MATCH($E50,$B$6:$B$225,0)))) -> 65 | G50: =IF($E50="",VLOOKUP($D50,Категории!$A$5:$C$17,3,FALSE()),"п. 21 — по пом. "&$E50) -> п. 21 — по пом. 66 | H50: =MAX($F50+15,65) -> 80 | I50: =IF($F50<=65,"упрощённая оценка (п. 6.11.3)","нужен расчёт (прил. В / ПО изготовителя)") -> упрощённая оценка (п. 6.11.3) | J50: Смежная: 66 столовая | K50: =VLOOKUP($D50,Категории!$A$5:$C$17,2,FALSE()) -> 60
A51: 1 | B51: 47 | C51: Коридор | D51: Коммуникационные пространства | E51: 44 | F51: =IF($E51="",$K51,MAX($K51,INDEX($K$6:$K$225,MATCH($E51,$B$6:$B$225,0)))) -> 65 | G51: =IF($E51="",VLOOKUP($D51,Категории!$A$5:$C$17,3,FALSE()),"п. 21 — по пом. "&$E51) -> п. 21 — по пом. 44 | H51: =MAX($F51+15,65) -> 80 | I51: =IF($F51<=65,"упрощённая оценка (п. 6.11.3)","нужен расчёт (прил. В / ПО изготовителя)") -> упрощённая оценка (п. 6.11.3) | J51: Смежный: 44 спортзал | K51: =VLOOKUP($D51,Категории!$A$5:$C$17,2,FALSE()) -> 60
A52: 1 | B52: 48 | C52: Раздевалка | D52: Спортзал, тир, раздевалки | F52: =IF($E52="",$K52,MAX($K52,INDEX($K$6:$K$225,MATCH($E52,$B$6:$B$225,0)))) -> 65 | G52: =IF($E52="",VLOOKUP($D52,Категории!$A$5:$C$17,3,FALSE()),"п. 21 — по пом. "&$E52) -> п. 18 (тир, раздевалки — по аналогии) | H52: =MAX($F52+15,65) -> 80 | I52: =IF($F52<=65,"упрощённая оценка (п. 6.11.3)","нужен расчёт (прил. В / ПО изготовителя)") -> упрощённая оценка (п. 6.11.3) | K52: =VLOOKUP($D52,Категории!$A$5:$C$17,2,FALSE()) -> 65
A53: 1 | B53: 49 | C53: Санузел | D53: Санузлы | F53: =IF($E53="",$K53,MAX($K53,INDEX($K$6:$K$225,MATCH($E53,$B$6:$B$225,0)))) -> 55 | G53: =IF($E53="",VLOOKUP($D53,Категории!$A$5:$C$17,3,FALSE()),"п. 21 — по пом. "&$E53) -> п. 28 | H53: =MAX($F53+15,65) -> 70 | I53: =IF($F53<=65,"упрощённая оценка (п. 6.11.3)","нужен расчёт (прил. В / ПО изготовителя)") -> упрощённая оценка (п. 6.11.3) | K53: =VLOOKUP($D53,Категории!$A$5:$C$17,2,FALSE()) -> 55
A54: 1 | B54: 50 | C54: Коридор | D54: Коммуникационные пространства | E54: 48 | F54: =IF($E54="",$K54,MAX($K54,INDEX($K$6:$K$225,MATCH($E54,$B$6:$B$225,0)))) -> 65 | G54: =IF($E54="",VLOOKUP($D54,Категории!$A$5:$C$17,3,FALSE()),"п. 21 — по пом. "&$E54) -> п. 21 — по пом. 48 | H54: =MAX($F54+15,65) -> 80 | I54: =IF($F54<=65,"упрощённая оценка (п. 6.11.3)","нужен расчёт (прил. В / ПО изготовителя)") -> упрощённая оценка (п. 6.11.3) | J54: Смежная: 48 раздевалка | K54: =VLOOKUP($D54,Категории!$A$5:$C$17,2,FALSE()) -> 60
A55: 1 | B55: 51 | C55: Санузел | D55: Санузлы | F55: =IF($E55="",$K55,MAX($K55,INDEX($K$6:$K$225,MATCH($E55,$B$6:$B$225,0)))) -> 55 | G55: =IF($E55="",VLOOKUP($D55,Категории!$A$5:$C$17,3,FALSE()),"п. 21 — по пом. "&$E55) -> п. 28 | H55: =MAX($F55+15,65) -> 70 | I55: =IF($F55<=65,"упрощённая оценка (п. 6.11.3)","нужен расчёт (прил. В / ПО изготовителя)") -> упрощённая оценка (п. 6.11.3) | K55: =VLOOKUP($D55,Категории!$A$5:$C$17,2,FALSE()) -> 55
A56: 1 | B56: 52 | C56: Раздевалка | D56: Спортзал, тир, раздевалки | F56: =IF($E56="",$K56,MAX($K56,INDEX($K$6:$K$225,MATCH($E56,$B$6:$B$225,0)))) -> 65 | G56: =IF($E56="",VLOOKUP($D56,Категории!$A$5:$C$17,3,FALSE()),"п. 21 — по пом. "&$E56) -> п. 18 (тир, раздевалки — по аналогии) | H56: =MAX($F56+15,65) -> 80 | I56: =IF($F56<=65,"упрощённая оценка (п. 6.11.3)","нужен расчёт (прил. В / ПО изготовителя)") -> упрощённая оценка (п. 6.11.3) | K56: =VLOOKUP($D56,Категории!$A$5:$C$17,2,FALSE()) -> 65
A57: 1 | B57: 53 | C57: Санузел | D57: Санузлы | F57: =IF($E57="",$K57,MAX($K57,INDEX($K$6:$K$225,MATCH($E57,$B$6:$B$225,0)))) -> 55 | G57: =IF($E57="",VLOOKUP($D57,Категории!$A$5:$C$17,3,FALSE()),"п. 21 — по пом. "&$E57) -> п. 28 | H57: =MAX($F57+15,65) -> 70 | I57: =IF($F57<=65,"упрощённая оценка (п. 6.11.3)","нужен расчёт (прил. В / ПО изготовителя)") -> упрощённая оценка (п. 6.11.3) | K57: =VLOOKUP($D57,Категории!$A$5:$C$17,2,FALSE()) -> 55
A58: 1 | B58: 54 | C58: Санузел | D58: Санузлы | F58: =IF($E58="",$K58,MAX($K58,INDEX($K$6:$K$225,MATCH($E58,$B$6:$B$225,0)))) -> 55 | G58: =IF($E58="",VLOOKUP($D58,Категории!$A$5:$C$17,3,FALSE()),"п. 21 — по пом. "&$E58) -> п. 28 | H58: =MAX($F58+15,65) -> 70 | I58: =IF($F58<=65,"упрощённая оценка (п. 6.11.3)","нужен расчёт (прил. В / ПО изготовителя)") -> упрощённая оценка (п. 6.11.3) | K58: =VLOOKUP($D58,Категории!$A$5:$C$17,2,FALSE()) -> 55
A59: 1 | B59: 55 | C59: Коридор | D59: Коммуникационные пространства | E59: 52 | F59: =IF($E59="",$K59,MAX($K59,INDEX($K$6:$K$225,MATCH($E59,$B$6:$B$225,0)))) -> 65 | G59: =IF($E59="",VLOOKUP($D59,Категории!$A$5:$C$17,3,FALSE()),"п. 21 — по пом. "&$E59) -> п. 21 — по пом. 52 | H59: =MAX($F59+15,65) -> 80 | I59: =IF($F59<=65,"упрощённая оценка (п. 6.11.3)","нужен расчёт (прил. В / ПО изготовителя)") -> упрощённая оценка (п. 6.11.3) | J59: Смежная: 52 раздевалка | K59: =VLOOKUP($D59,Категории!$A$5:$C$17,2,FALSE()) -> 60
A60: 1 | B60: 56 | C60: Кабинет | D60: Учебные помещения | F60: =IF($E60="",$K60,MAX($K60,INDEX($K$6:$K$225,MATCH($E60,$B$6:$B$225,0)))) -> 60 | G60: =IF($E60="",VLOOKUP($D60,Категории!$A$5:$C$17,3,FALSE()),"п. 21 — по пом. "&$E60) -> п. 6 | H60: =MAX($F60+15,65) -> 75 | I60: =IF($F60<=65,"упрощённая оценка (п. 6.11.3)","нужен расчёт (прил. В / ПО изготовителя)") -> упрощённая оценка (п. 6.11.3) | K60: =VLOOKUP($D60,Категории!$A$5:$C$17,2,FALSE()) -> 60
A61: 1 | B61: 57 | C61: Кабинет | D61: Учебные помещения | F61: =IF($E61="",$K61,MAX($K61,INDEX($K$6:$K$225,MATCH($E61,$B$6:$B$225,0)))) -> 60 | G61: =IF($E61="",VLOOKUP($D61,Категории!$A$5:$C$17,3,FALSE()),"п. 21 — по пом. "&$E61) -> п. 6 | H61: =MAX($F61+15,65) -> 75 | I61: =IF($F61<=65,"упрощённая оценка (п. 6.11.3)","нужен расчёт (прил. В / ПО изготовителя)") -> упрощённая оценка (п. 6.11.3) | K61: =VLOOKUP($D61,Категории!$A$5:$C$17,2,FALSE()) -> 60
A62: 1 | B62: 58 | C62: Кладовая | D62: Вспомогательные помещения | F62: =IF($E62="",$K62,MAX($K62,INDEX($K$6:$K$225,MATCH($E62,$B$6:$B$225,0)))) -> 60 | G62: =IF($E62="",VLOOKUP($D62,Категории!$A$5:$C$17,3,FALSE()),"п. 21 — по пом. "&$E62) -> по аналогии с п. 6 | H62: =MAX($F62+15,65) -> 75 | I62: =IF($F62<=65,"упрощённая оценка (п. 6.11.3)","нужен расчёт (прил. В / ПО изготовителя)") -> упрощённая оценка (п. 6.11.3) | K62: =VLOOKUP($D62,Категории!$A$5:$C$17,2,FALSE()) -> 60
A63: 1 | B63: 59 | C63: Санузел | D63: Санузлы | F63: =IF($E63="",$K63,MAX($K63,INDEX($K$6:$K$225,MATCH($E63,$B$6:$B$225,0)))) -> 55 | G63: =IF($E63="",VLOOKUP($D63,Категории!$A$5:$C$17,3,FALSE()),"п. 21 — по пом. "&$E63) -> п. 28 | H63: =MAX($F63+15,65) -> 70 | I63: =IF($F63<=65,"упрощённая оценка (п. 6.11.3)","нужен расчёт (прил. В / ПО изготовителя)") -> упрощённая оценка (п. 6.11.3) | K63: =VLOOKUP($D63,Категории!$A$5:$C$17,2,FALSE()) -> 55
A64: 1 | B64: 60 | C64: Коридор | D64: Коммуникационные пространства | E64: 63 | F64: =IF($E64="",$K64,MAX($K64,INDEX($K$6:$K$225,MATCH($E64,$B$6:$B$225,0)))) -> 70 | G64: =IF($E64="",VLOOKUP($D64,Категории!$A$5:$C$17,3,FALSE()),"п. 21 — по пом. "&$E64) -> п. 21 — по пом. 63 | H64: =MAX($F64+15,65) -> 85 | I64: =IF($F64<=65,"упрощённая оценка (п. 6.11.3)","нужен расчёт (прил. В / ПО изготовителя)") -> нужен расчёт (прил. В / ПО изготовителя) | J64: Смежные: 63 холодильная камера, 62 склад | K64: =VLOOKUP($D64,Категории!$A$5:$C$17,2,FALSE()) -> 60
A65: 1 | B65: 61 | C65: Кооридор | D65: Коммуникационные пространства | F65: =IF($E65="",$K65,MAX($K65,INDEX($K$6:$K$225,MATCH($E65,$B$6:$B$225,0)))) -> 60 | G65: =IF($E65="",VLOOKUP($D65,Категории!$A$5:$C$17,3,FALSE()),"п. 21 — по пом. "&$E65) -> п. 21 | H65: =MAX($F65+15,65) -> 75 | I65: =IF($F65<=65,"упрощённая оценка (п. 6.11.3)","нужен расчёт (прил. В / ПО изготовителя)") -> упрощённая оценка (п. 6.11.3) | J65: Опечатка в экспликации: «Кооридор» | K65: =VLOOKUP($D65,Категории!$A$5:$C$17,2,FALSE()) -> 60
A66: 1 | B66: 62 | C66: Склад | D66: Вспомогательные помещения | F66: =IF($E66="",$K66,MAX($K66,INDEX($K$6:$K$225,MATCH($E66,$B$6:$B$225,0)))) -> 60 | G66: =IF($E66="",VLOOKUP($D66,Категории!$A$5:$C$17,3,FALSE()),"п. 21 — по пом. "&$E66) -> по аналогии с п. 6 | H66: =MAX($F66+15,65) -> 75 | I66: =IF($F66<=65,"упрощённая оценка (п. 6.11.3)","нужен расчёт (прил. В / ПО изготовителя)") -> упрощённая оценка (п. 6.11.3) | K66: =VLOOKUP($D66,Категории!$A$5:$C$17,2,FALSE()) -> 60
A67: 1 | B67: 63 | C67: Холодильная камера | D67: Пищеблок | F67: =IF($E67="",$K67,MAX($K67,INDEX($K$6:$K$225,MATCH($E67,$B$6:$B$225,0)))) -> 70 | G67: =IF($E67="",VLOOKUP($D67,Категории!$A$5:$C$17,3,FALSE()),"п. 21 — по пом. "&$E67) -> по аналогии с п. 26 | H67: =MAX($F67+15,65) -> 85 | I67: =IF($F67<=65,"упрощённая оценка (п. 6.11.3)","нужен расчёт (прил. В / ПО изготовителя)") -> нужен расчёт (прил. В / ПО изготовителя) | J67: Допускается звуковой способ вместо речевого (прим. 3 к табл. Б.1) | K67: =VLOOKUP($D67,Категории!$A$5:$C$17,2,FALSE()) -> 70
A68: 1 | B68: 64 | C68: Моечная | D68: Пищеблок | F68: =IF($E68="",$K68,MAX($K68,INDEX($K$6:$K$225,MATCH($E68,$B$6:$B$225,0)))) -> 70 | G68: =IF($E68="",VLOOKUP($D68,Категории!$A$5:$C$17,3,FALSE()),"п. 21 — по пом. "&$E68) -> по аналогии с п. 26 | H68: =MAX($F68+15,65) -> 85 | I68: =IF($F68<=65,"упрощённая оценка (п. 6.11.3)","нужен расчёт (прил. В / ПО изготовителя)") -> нужен расчёт (прил. В / ПО изготовителя) | K68: =VLOOKUP($D68,Категории!$A$5:$C$17,2,FALSE()) -> 70
A69: 1 | B69: 65 | C69: Кабинет | D69: Учебные помещения | F69: =IF($E69="",$K69,MAX($K69,INDEX($K$6:$K$225,MATCH($E69,$B$6:$B$225,0)))) -> 60 | G69: =IF($E69="",VLOOKUP($D69,Категории!$A$5:$C$17,3,FALSE()),"п. 21 — по пом. "&$E69) -> п. 6 | H69: =MAX($F69+15,65) -> 75 | I69: =IF($F69<=65,"упрощённая оценка (п. 6.11.3)","нужен расчёт (прил. В / ПО изготовителя)") -> упрощённая оценка (п. 6.11.3) | K69: =VLOOKUP($D69,Категории!$A$5:$C$17,2,FALSE()) -> 60
A70: 1 | B70: 66 | C70: Столовая | D70: Обеденный зал | F70: =IF($E70="",$K70,MAX($K70,INDEX($K$6:$K$225,MATCH($E70,$B$6:$B$225,0)))) -> 65 | G70: =IF($E70="",VLOOKUP($D70,Категории!$A$5:$C$17,3,FALSE()),"п. 21 — по пом. "&$E70) -> п. 12 | H70: =MAX($F70+15,65) -> 80 | I70: =IF($F70<=65,"упрощённая оценка (п. 6.11.3)","нужен расчёт (прил. В / ПО изготовителя)") -> упрощённая оценка (п. 6.11.3) | K70: =VLOOKUP($D70,Категории!$A$5:$C$17,2,FALSE()) -> 65
A71: 1 | B71: 67 | C71: Лестничная клетка | D71: Коммуникационные пространства | F71: =IF($E71="",$K71,MAX($K71,INDEX($K$6:$K$225,MATCH($E71,$B$6:$B$225,0)))) -> 60 | G71: =IF($E71="",VLOOKUP($D71,Категории!$A$5:$C$17,3,FALSE()),"п. 21 — по пом. "&$E71) -> п. 21 | H71: =MAX($F71+15,65) -> 75 | I71: =IF($F71<=65,"упрощённая оценка (п. 6.11.3)","нужен расчёт (прил. В / ПО изготовителя)") -> упрощённая оценка (п. 6.11.3) | K71: =VLOOKUP($D71,Категории!$A$5:$C$17,2,FALSE()) -> 60
A72: 1 | B72: 68 | C72: Кабинет | D72: Учебные помещения | F72: =IF($E72="",$K72,MAX($K72,INDEX($K$6:$K$225,MATCH($E72,$B$6:$B$225,0)))) -> 60 | G72: =IF($E72="",VLOOKUP($D72,Категории!$A$5:$C$17,3,FALSE()),"п. 21 — по пом. "&$E72) -> п. 6 | H72: =MAX($F72+15,65) -> 75 | I72: =IF($F72<=65,"упрощённая оценка (п. 6.11.3)","нужен расчёт (прил. В / ПО изготовителя)") -> упрощённая оценка (п. 6.11.3) | K72: =VLOOKUP($D72,Категории!$A$5:$C$17,2,FALSE()) -> 60
A73: 1 | B73: 69 | C73: Коридор | D73: Коммуникационные пространства | F73: =IF($E73="",$K73,MAX($K73,INDEX($K$6:$K$225,MATCH($E73,$B$6:$B$225,0)))) -> 60 | G73: =IF($E73="",VLOOKUP($D73,Категории!$A$5:$C$17,3,FALSE()),"п. 21 — по пом. "&$E73) -> п. 21 | H73: =MAX($F73+15,65) -> 75 | I73: =IF($F73<=65,"упрощённая оценка (п. 6.11.3)","нужен расчёт (прил. В / ПО изготовителя)") -> упрощённая оценка (п. 6.11.3) | K73: =VLOOKUP($D73,Категории!$A$5:$C$17,2,FALSE()) -> 60
A74: 1 | B74: 70 | C74: Подсобное | D74: Вспомогательные помещения | F74: =IF($E74="",$K74,MAX($K74,INDEX($K$6:$K$225,MATCH($E74,$B$6:$B$225,0)))) -> 60 | G74: =IF($E74="",VLOOKUP($D74,Категории!$A$5:$C$17,3,FALSE()),"п. 21 — по пом. "&$E74) -> по аналогии с п. 6 | H74: =MAX($F74+15,65) -> 75 | I74: =IF($F74<=65,"упрощённая оценка (п. 6.11.3)","нужен расчёт (прил. В / ПО изготовителя)") -> упрощённая оценка (п. 6.11.3) | K74: =VLOOKUP($D74,Категории!$A$5:$C$17,2,FALSE()) -> 60
A75: 1 | B75: 71 | C75: Лестничная клетка | D75: Коммуникационные пространства | F75: =IF($E75="",$K75,MAX($K75,INDEX($K$6:$K$225,MATCH($E75,$B$6:$B$225,0)))) -> 60 | G75: =IF($E75="",VLOOKUP($D75,Категории!$A$5:$C$17,3,FALSE()),"п. 21 — по пом. "&$E75) -> п. 21 | H75: =MAX($F75+15,65) -> 75 | I75: =IF($F75<=65,"упрощённая оценка (п. 6.11.3)","нужен расчёт (прил. В / ПО изготовителя)") -> упрощённая оценка (п. 6.11.3) | K75: =VLOOKUP($D75,Категории!$A$5:$C$17,2,FALSE()) -> 60
A76: 1 | B76: 72 | C76: Кабинет | D76: Учебные помещения | F76: =IF($E76="",$K76,MAX($K76,INDEX($K$6:$K$225,MATCH($E76,$B$6:$B$225,0)))) -> 60 | G76: =IF($E76="",VLOOKUP($D76,Категории!$A$5:$C$17,3,FALSE()),"п. 21 — по пом. "&$E76) -> п. 6 | H76: =MAX($F76+15,65) -> 75 | I76: =IF($F76<=65,"упрощённая оценка (п. 6.11.3)","нужен расчёт (прил. В / ПО изготовителя)") -> упрощённая оценка (п. 6.11.3) | K76: =VLOOKUP($D76,Категории!$A$5:$C$17,2,FALSE()) -> 60
A77: 1 | B77: 73 | C77: Класс | D77: Учебные помещения | F77: =IF($E77="",$K77,MAX($K77,INDEX($K$6:$K$225,MATCH($E77,$B$6:$B$225,0)))) -> 60 | G77: =IF($E77="",VLOOKUP($D77,Категории!$A$5:$C$17,3,FALSE()),"п. 21 — по пом. "&$E77) -> п. 6 | H77: =MAX($F77+15,65) -> 75 | I77: =IF($F77<=65,"упрощённая оценка (п. 6.11.3)","нужен расчёт (прил. В / ПО изготовителя)") -> упрощённая оценка (п. 6.11.3) | K77: =VLOOKUP($D77,Категории!$A$5:$C$17,2,FALSE()) -> 60
A78: 1 | B78: 74 | C78: Мастерская | D78: Учебные мастерские со станками | F78: =IF($E78="",$K78,MAX($K78,INDEX($K$6:$K$225,MATCH($E78,$B$6:$B$225,0)))) -> 80 | G78: =IF($E78="",VLOOKUP($D78,Категории!$A$5:$C$17,3,FALSE()),"п. 21 — по пом. "&$E78) -> по аналогии с п. 4 | H78: =MAX($F78+15,65) -> 95 | I78: =IF($F78<=65,"упрощённая оценка (п. 6.11.3)","нужен расчёт (прил. В / ПО изготовителя)") -> нужен расчёт (прил. В / ПО изготовителя) | J78: См. категорию: 60 дБА при автоматическом отключении станков (п. 6.8.7) | K78: =VLOOKUP($D78,Категории!$A$5:$C$17,2,FALSE()) -> 80
A79: 1 | B79: 75 | C79: Коридор | D79: Коммуникационные пространства | E79: 74 | F79: =IF($E79="",$K79,MAX($K79,INDEX($K$6:$K$225,MATCH($E79,$B$6:$B$225,0)))) -> 80 | G79: =IF($E79="",VLOOKUP($D79,Категории!$A$5:$C$17,3,FALSE()),"п. 21 — по пом. "&$E79) -> п. 21 — по пом. 74 | H79: =MAX($F79+15,65) -> 95 | I79: =IF($F79<=65,"упрощённая оценка (п. 6.11.3)","нужен расчёт (прил. В / ПО изготовителя)") -> нужен расчёт (прил. В / ПО изготовителя) | J79: Смежная: 74 мастерская | K79: =VLOOKUP($D79,Категории!$A$5:$C$17,2,FALSE()) -> 60
A80: 1 | B80: 76 | C80: Инструментальная | D80: Вспомогательные помещения | F80: =IF($E80="",$K80,MAX($K80,INDEX($K$6:$K$225,MATCH($E80,$B$6:$B$225,0)))) -> 60 | G80: =IF($E80="",VLOOKUP($D80,Категории!$A$5:$C$17,3,FALSE()),"п. 21 — по пом. "&$E80) -> по аналогии с п. 6 | H80: =MAX($F80+15,65) -> 75 | I80: =IF($F80<=65,"упрощённая оценка (п. 6.11.3)","нужен расчёт (прил. В / ПО изготовителя)") -> упрощённая оценка (п. 6.11.3) | K80: =VLOOKUP($D80,Категории!$A$5:$C$17,2,FALSE()) -> 60
A81: 1 | B81: 77 | C81: Лаборантская | D81: Учебные помещения | F81: =IF($E81="",$K81,MAX($K81,INDEX($K$6:$K$225,MATCH($E81,$B$6:$B$225,0)))) -> 60 | G81: =IF($E81="",VLOOKUP($D81,Категории!$A$5:$C$17,3,FALSE()),"п. 21 — по пом. "&$E81) -> п. 6 | H81: =MAX($F81+15,65) -> 75 | I81: =IF($F81<=65,"упрощённая оценка (п. 6.11.3)","нужен расчёт (прил. В / ПО изготовителя)") -> упрощённая оценка (п. 6.11.3) | K81: =VLOOKUP($D81,Категории!$A$5:$C$17,2,FALSE()) -> 60
A82: 1 | B82: 78 | C82: Класс | D82: Учебные помещения | F82: =IF($E82="",$K82,MAX($K82,INDEX($K$6:$K$225,MATCH($E82,$B$6:$B$225,0)))) -> 60 | G82: =IF($E82="",VLOOKUP($D82,Категории!$A$5:$C$17,3,FALSE()),"п. 21 — по пом. "&$E82) -> п. 6 | H82: =MAX($F82+15,65) -> 75 | I82: =IF($F82<=65,"упрощённая оценка (п. 6.11.3)","нужен расчёт (прил. В / ПО изготовителя)") -> упрощённая оценка (п. 6.11.3) | K82: =VLOOKUP($D82,Категории!$A$5:$C$17,2,FALSE()) -> 60
A83: 1 | B83: 79 | C83: Коридор | D83: Коммуникационные пространства | E83: 74 | F83: =IF($E83="",$K83,MAX($K83,INDEX($K$6:$K$225,MATCH($E83,$B$6:$B$225,0)))) -> 80 | G83: =IF($E83="",VLOOKUP($D83,Категории!$A$5:$C$17,3,FALSE()),"п. 21 — по пом. "&$E83) -> п. 21 — по пом. 74 | H83: =MAX($F83+15,65) -> 95 | I83: =IF($F83<=65,"упрощённая оценка (п. 6.11.3)","нужен расчёт (прил. В / ПО изготовителя)") -> нужен расчёт (прил. В / ПО изготовителя) | J83: Номер на плане не проставлен; принят по наихудшему смежному (74 мастерская) — уточнить | K83: =VLOOKUP($D83,Категории!$A$5:$C$17,2,FALSE()) -> 60
A84: 1 | B84: 80 | C84: Подсобное | D84: Вспомогательные помещения | F84: =IF($E84="",$K84,MAX($K84,INDEX($K$6:$K$225,MATCH($E84,$B$6:$B$225,0)))) -> 60 | G84: =IF($E84="",VLOOKUP($D84,Категории!$A$5:$C$17,3,FALSE()),"п. 21 — по пом. "&$E84) -> по аналогии с п. 6 | H84: =MAX($F84+15,65) -> 75 | I84: =IF($F84<=65,"упрощённая оценка (п. 6.11.3)","нужен расчёт (прил. В / ПО изготовителя)") -> упрощённая оценка (п. 6.11.3) | K84: =VLOOKUP($D84,Категории!$A$5:$C$17,2,FALSE()) -> 60
A85: 1 | B85: 81 | C85: Коридор | D85: Коммуникационные пространства | E85: 74 | F85: =IF($E85="",$K85,MAX($K85,INDEX($K$6:$K$225,MATCH($E85,$B$6:$B$225,0)))) -> 80 | G85: =IF($E85="",VLOOKUP($D85,Категории!$A$5:$C$17,3,FALSE()),"п. 21 — по пом. "&$E85) -> п. 21 — по пом. 74 | H85: =MAX($F85+15,65) -> 95 | I85: =IF($F85<=65,"упрощённая оценка (п. 6.11.3)","нужен расчёт (прил. В / ПО изготовителя)") -> нужен расчёт (прил. В / ПО изготовителя) | J85: Номер на плане не проставлен; принят по наихудшему смежному (74 мастерская) — уточнить | K85: =VLOOKUP($D85,Категории!$A$5:$C$17,2,FALSE()) -> 60
A86: 1 | B86: 82 | C86: Санузел | D86: Санузлы | F86: =IF($E86="",$K86,MAX($K86,INDEX($K$6:$K$225,MATCH($E86,$B$6:$B$225,0)))) -> 55 | G86: =IF($E86="",VLOOKUP($D86,Категории!$A$5:$C$17,3,FALSE()),"п. 21 — по пом. "&$E86) -> п. 28 | H86: =MAX($F86+15,65) -> 70 | I86: =IF($F86<=65,"упрощённая оценка (п. 6.11.3)","нужен расчёт (прил. В / ПО изготовителя)") -> упрощённая оценка (п. 6.11.3) | K86: =VLOOKUP($D86,Категории!$A$5:$C$17,2,FALSE()) -> 55
A87: 1 | B87: 83 | C87: Коридор | D87: Коммуникационные пространства | F87: =IF($E87="",$K87,MAX($K87,INDEX($K$6:$K$225,MATCH($E87,$B$6:$B$225,0)))) -> 60 | G87: =IF($E87="",VLOOKUP($D87,Категории!$A$5:$C$17,3,FALSE()),"п. 21 — по пом. "&$E87) -> п. 21 | H87: =MAX($F87+15,65) -> 75 | I87: =IF($F87<=65,"упрощённая оценка (п. 6.11.3)","нужен расчёт (прил. В / ПО изготовителя)") -> упрощённая оценка (п. 6.11.3) | K87: =VLOOKUP($D87,Категории!$A$5:$C$17,2,FALSE()) -> 60
A88: 1 | B88: 84 | C88: Коридор | D88: Коммуникационные пространства | E88: 74 | F88: =IF($E88="",$K88,MAX($K88,INDEX($K$6:$K$225,MATCH($E88,$B$6:$B$225,0)))) -> 80 | G88: =IF($E88="",VLOOKUP($D88,Категории!$A$5:$C$17,3,FALSE()),"п. 21 — по пом. "&$E88) -> п. 21 — по пом. 74 | H88: =MAX($F88+15,65) -> 95 | I88: =IF($F88<=65,"упрощённая оценка (п. 6.11.3)","нужен расчёт (прил. В / ПО изготовителя)") -> нужен расчёт (прил. В / ПО изготовителя) | J88: Номер на плане не проставлен; принят по наихудшему смежному (74 мастерская) — уточнить | K88: =VLOOKUP($D88,Категории!$A$5:$C$17,2,FALSE()) -> 60
A89: 1 | B89: 85 | C89: Коридор | D89: Коммуникационные пространства | E89: 74 | F89: =IF($E89="",$K89,MAX($K89,INDEX($K$6:$K$225,MATCH($E89,$B$6:$B$225,0)))) -> 80 | G89: =IF($E89="",VLOOKUP($D89,Категории!$A$5:$C$17,3,FALSE()),"п. 21 — по пом. "&$E89) -> п. 21 — по пом. 74 | H89: =MAX($F89+15,65) -> 95 | I89: =IF($F89<=65,"упрощённая оценка (п. 6.11.3)","нужен расчёт (прил. В / ПО изготовителя)") -> нужен расчёт (прил. В / ПО изготовителя) | J89: Номер на плане не проставлен; принят по наихудшему смежному (74 мастерская) — уточнить | K89: =VLOOKUP($D89,Категории!$A$5:$C$17,2,FALSE()) -> 60
A90: 2 | B90: 35 | C90: Раздевалка | D90: Спортзал, тир, раздевалки | F90: =IF($E90="",$K90,MAX($K90,INDEX($K$6:$K$225,MATCH($E90,$B$6:$B$225,0)))) -> 65 | G90: =IF($E90="",VLOOKUP($D90,Категории!$A$5:$C$17,3,FALSE()),"п. 21 — по пом. "&$E90) -> п. 18 (тир, раздевалки — по аналогии) | H90: =MAX($F90+15,65) -> 80 | I90: =IF($F90<=65,"упрощённая оценка (п. 6.11.3)","нужен расчёт (прил. В / ПО изготовителя)") -> упрощённая оценка (п. 6.11.3) | K90: =VLOOKUP($D90,Категории!$A$5:$C$17,2,FALSE()) -> 65
A91: 2 | B91: 86 | C91: Библиотека | D91: Учебные помещения | F91: =IF($E91="",$K91,MAX($K91,INDEX($K$6:$K$225,MATCH($E91,$B$6:$B$225,0)))) -> 60 | G91: =IF($E91="",VLOOKUP($D91,Категории!$A$5:$C$17,3,FALSE()),"п. 21 — по пом. "&$E91) -> п. 6 | H91: =MAX($F91+15,65) -> 75 | I91: =IF($F91<=65,"упрощённая оценка (п. 6.11.3)","нужен расчёт (прил. В / ПО изготовителя)") -> упрощённая оценка (п. 6.11.3) | K91: =VLOOKUP($D91,Категории!$A$5:$C$17,2,FALSE()) -> 60
A92: 2 | B92: 87 | C92: Библиотека | D92: Учебные помещения | F92: =IF($E92="",$K92,MAX($K92,INDEX($K$6:$K$225,MATCH($E92,$B$6:$B$225,0)))) -> 60 | G92: =IF($E92="",VLOOKUP($D92,Категории!$A$5:$C$17,3,FALSE()),"п. 21 — по пом. "&$E92) -> п. 6 | H92: =MAX($F92+15,65) -> 75 | I92: =IF($F92<=65,"упрощённая оценка (п. 6.11.3)","нужен расчёт (прил. В / ПО изготовителя)") -> упрощённая оценка (п. 6.11.3) | K92: =VLOOKUP($D92,Категории!$A$5:$C$17,2,FALSE()) -> 60
A93: 2 | B93: 88 | C93: Лаборанская | D93: Учебные помещения | F93: =IF($E93="",$K93,MAX($K93,INDEX($K$6:$K$225,MATCH($E93,$B$6:$B$225,0)))) -> 60 | G93: =IF($E93="",VLOOKUP($D93,Категории!$A$5:$C$17,3,FALSE()),"п. 21 — по пом. "&$E93) -> п. 6 | H93: =MAX($F93+15,65) -> 75 | I93: =IF($F93<=65,"упрощённая оценка (п. 6.11.3)","нужен расчёт (прил. В / ПО изготовителя)") -> упрощённая оценка (п. 6.11.3) | J93: Опечатка в экспликации: «Лаборанская» | K93: =VLOOKUP($D93,Категории!$A$5:$C$17,2,FALSE()) -> 60
A94: 2 | B94: 89 | C94: Класс | D94: Учебные помещения | F94: =IF($E94="",$K94,MAX($K94,INDEX($K$6:$K$225,MATCH($E94,$B$6:$B$225,0)))) -> 60 | G94: =IF($E94="",VLOOKUP($D94,Категории!$A$5:$C$17,3,FALSE()),"п. 21 — по пом. "&$E94) -> п. 6 | H94: =MAX($F94+15,65) -> 75 | I94: =IF($F94<=65,"упрощённая оценка (п. 6.11.3)","нужен расчёт (прил. В / ПО изготовителя)") -> упрощённая оценка (п. 6.11.3) | K94: =VLOOKUP($D94,Категории!$A$5:$C$17,2,FALSE()) -> 60
A95: 2 | B95: 90 | C95: Лестничная клетка | D95: Коммуникационные пространства | F95: =IF($E95="",$K95,MAX($K95,INDEX($K$6:$K$225,MATCH($E95,$B$6:$B$225,0)))) -> 60 | G95: =IF($E95="",VLOOKUP($D95,Категории!$A$5:$C$17,3,FALSE()),"п. 21 — по пом. "&$E95) -> п. 21 | H95: =MAX($F95+15,65) -> 75 | I95: =IF($F95<=65,"упрощённая оценка (п. 6.11.3)","нужен расчёт (прил. В / ПО изготовителя)") -> упрощённая оценка (п. 6.11.3) | K95: =VLOOKUP($D95,Категории!$A$5:$C$17,2,FALSE()) -> 60
A96: 2 | B96: 91 | C96: Класс | D96: Учебные помещения | F96: =IF($E96="",$K96,MAX($K96,INDEX($K$6:$K$225,MATCH($E96,$B$6:$B$225,0)))) -> 60 | G96: =IF($E96="",VLOOKUP($D96,Категории!$A$5:$C$17,3,FALSE()),"п. 21 — по пом. "&$E96) -> п. 6 | H96: =MAX($F96+15,65) -> 75 | I96: =IF($F96<=65,"упрощённая оценка (п. 6.11.3)","нужен расчёт (прил. В / ПО изготовителя)") -> упрощённая оценка (п. 6.11.3) | K96: =VLOOKUP($D96,Категории!$A$5:$C$17,2,FALSE()) -> 60
A97: 2 | B97: 92 | C97: Коридор | D97: Коммуникационные пространства | E97: 35 | F97: =IF($E97="",$K97,MAX($K97,INDEX($K$6:$K$225,MATCH($E97,$B$6:$B$225,0)))) -> 65 | G97: =IF($E97="",VLOOKUP($D97,Категории!$A$5:$C$17,3,FALSE()),"п. 21 — по пом. "&$E97) -> п. 21 — по пом. 35 | H97: =MAX($F97+15,65) -> 80 | I97: =IF($F97<=65,"упрощённая оценка (п. 6.11.3)","нужен расчёт (прил. В / ПО изготовителя)") -> упрощённая оценка (п. 6.11.3) | J97: Смежная: 35 раздевалка — проверить по плану | K97: =VLOOKUP($D97,Категории!$A$5:$C$17,2,FALSE()) -> 60
A98: 2 | B98: 93 | C98: Лестничная клетка | D98: Коммуникационные пространства | F98: =IF($E98="",$K98,MAX($K98,INDEX($K$6:$K$225,MATCH($E98,$B$6:$B$225,0)))) -> 60 | G98: =IF($E98="",VLOOKUP($D98,Категории!$A$5:$C$17,3,FALSE()),"п. 21 — по пом. "&$E98) -> п. 21 | H98: =MAX($F98+15,65) -> 75 | I98: =IF($F98<=65,"упрощённая оценка (п. 6.11.3)","нужен расчёт (прил. В / ПО изготовителя)") -> упрощённая оценка (п. 6.11.3) | K98: =VLOOKUP($D98,Категории!$A$5:$C$17,2,FALSE()) -> 60
A99: 2 | B99: 94 | C99: Класс | D99: Учебные помещения | F99: =IF($E99="",$K99,MAX($K99,INDEX($K$6:$K$225,MATCH($E99,$B$6:$B$225,0)))) -> 60 | G99: =IF($E99="",VLOOKUP($D99,Категории!$A$5:$C$17,3,FALSE()),"п. 21 — по пом. "&$E99) -> п. 6 | H99: =MAX($F99+15,65) -> 75 | I99: =IF($F99<=65,"упрощённая оценка (п. 6.11.3)","нужен расчёт (прил. В / ПО изготовителя)") -> упрощённая оценка (п. 6.11.3) | K99: =VLOOKUP($D99,Категории!$A$5:$C$17,2,FALSE()) -> 60
A100: 2 | B100: 95 | C100: Коридор | D100: Коммуникационные пространства | F100: =IF($E100="",$K100,MAX($K100,INDEX($K$6:$K$225,MATCH($E100,$B$6:$B$225,0)))) -> 60 | G100: =IF($E100="",VLOOKUP($D100,Категории!$A$5:$C$17,3,FALSE()),"п. 21 — по пом. "&$E100) -> п. 21 | H100: =MAX($F100+15,65) -> 75 | I100: =IF($F100<=65,"упрощённая оценка (п. 6.11.3)","нужен расчёт (прил. В / ПО изготовителя)") -> упрощённая оценка (п. 6.11.3) | K100: =VLOOKUP($D100,Категории!$A$5:$C$17,2,FALSE()) -> 60
A101: 2 | B101: 96 | C101: Санузел | D101: Санузлы | F101: =IF($E101="",$K101,MAX($K101,INDEX($K$6:$K$225,MATCH($E101,$B$6:$B$225,0)))) -> 55 | G101: =IF($E101="",VLOOKUP($D101,Категории!$A$5:$C$17,3,FALSE()),"п. 21 — по пом. "&$E101) -> п. 28 | H101: =MAX($F101+15,65) -> 70 | I101: =IF($F101<=65,"упрощённая оценка (п. 6.11.3)","нужен расчёт (прил. В / ПО изготовителя)") -> упрощённая оценка (п. 6.11.3) | K101: =VLOOKUP($D101,Категории!$A$5:$C$17,2,FALSE()) -> 55
A102: 2 | B102: 97 | C102: Кладовая | D102: Вспомогательные помещения | F102: =IF($E102="",$K102,MAX($K102,INDEX($K$6:$K$225,MATCH($E102,$B$6:$B$225,0)))) -> 60 | G102: =IF($E102="",VLOOKUP($D102,Категории!$A$5:$C$17,3,FALSE()),"п. 21 — по пом. "&$E102) -> по аналогии с п. 6 | H102: =MAX($F102+15,65) -> 75 | I102: =IF($F102<=65,"упрощённая оценка (п. 6.11.3)","нужен расчёт (прил. В / ПО изготовителя)") -> упрощённая оценка (п. 6.11.3) | K102: =VLOOKUP($D102,Категории!$A$5:$C$17,2,FALSE()) -> 60
...

Sheet Категории
A1: Справочник: УЗД постоянного шума по табл. В.1 СП 3.13130.2026
A2: Синие значения в столбце B можно менять — лист «Уровни шума» пересчитается.
A4: Категория помещений | B4: LAeq, дБА | C4: Позиция табл. В.1 | D4: Обоснование
A5: Учебные помещения | B5: 60 | C5: п. 6 | D5: Классные помещения, учебные кабинеты, учительские, читальные залы библиотек
A6: Вспомогательные помещения | B6: 60 | C6: по аналогии с п. 6 | D6: Подсобные, кладовые, склад, архив, инструментальная, бытовка, приёмная — помещения образовательной организации; в табл. В.1 прямой позиции нет
A7: Медицинские помещения | B7: 50 | C7: п. 5 | D7: Кабинеты врачей медицинских организаций
A8: Санузлы | B8: 55 | C8: п. 28 | D8: Ванные, душевые, санузлы
A9: Спортзал, тир, раздевалки | B9: 65 | C9: п. 18 (тир, раздевалки — по аналогии) | D9: Спортивные залы
A10: Обеденный зал | B10: 65 | C10: п. 12 | D10: Залы кафе, ресторанов
A11: Пищеблок | B11: 70 | C11: по аналогии с п. 26 | D11: Кухни ресторанов и кафе (моечная, холодильная камера)
A12: Многоцелевые залы | B12: 70 | C12: п. 16 | D12: Многоцелевые залы (актовый зал, зал)
A13: Пост охраны | B13: 70 | C13: п. 2 | D13: Рабочие помещения диспетчерских служб с речевой связью по телефону
A14: Учебные мастерские со станками | B14: 80 | C14: по аналогии с п. 4 | D14: Помещения с постоянными рабочими местами производственных предприятий; станки учтены как постоянный шум (п. 6.8.7). При автоматическом отключении станков по сигналу «Пожар» не более чем за 60 с принять 60 дБА
A15: Бойлерная | B15: 80 | C15: п. 24 | D15: Помещения компрессорных и насосных (постоянно или попеременно работающих)
A16: Венткамера | B16: 80 | C16: п. 23 | D16: Помещения для вентмашин
A17: Коммуникационные пространства | B17: 60 | C17: п. 21 | D17: Коридоры, лестничные клетки, тамбуры: по уровню шума в помещениях, имеющих прямое сообщение. По умолчанию — учебные помещения (60); если рядом более шумное помещение — по нему (столбец E)

Sheet Пояснения
A1: Пояснения к расчёту уровней шума
A3: Источник
A4: СП 3.13130.2026 (введён с 01.06.2026), приложение В, п. В.2.1 и таблица В.1. УЗД постоянного шума принимается по измерениям или по справочным данным табл. В.1; по заданию на проектирование значения можно корректировать в большую сторону.
A5: Примечание 2 к табл. В.1: фактический УЗД постоянного шума уточняется при вводе системы в эксплуатацию.
A6: П. 6.8.6: уровни постоянного шума должны быть отражены в проектной документации.
A8: Как выбраны значения
A9: 1. Где назначение помещения прямо есть в табл. В.1 — взята эта позиция.
A10: 2. Где прямой позиции нет — ближайшая по смыслу; в спорных случаях выбиралось большее значение (это допускает п. В.2.1).
A11: 3. Коридоры, лестничные клетки, тамбуры (п. 21) — по шуму в смежных помещениях: по умолчанию 60 дБА (учебные помещения); если в коридор выходит более шумное помещение — по нему (лист «Уровни шума», столбец E). Смежность определена по планам листов 6–9.
A12: 4. Мастерские и слесарные приняты 80 дБА: станки считаются постоянным шумом, если их нельзя автоматически остановить при пожаре за 60 с (п. 6.8.7). Если в проект добавить отключение станков по сигналу «Пожар», на листе «Категории» поменять 80 на 60 — мастерские и коридоры 7, 75, 79, 81, 84, 85 пересчитаются. Коридор 4 останется 80 (смежная бойлерная).
A14: Что следует из уровня шума
A15: П. 6.8.2: сигнал оповещения должен превышать постоянный шум не менее чем на 15 дБ и быть не ниже 65 дБА в любой точке на высоте 1,5 м (столбец H).
... A27: • Опечатки в экспликации: 61 «Кооридор», 88 и 156 «Лаборанская».
